UniRef90_A0A0R2Q954	Root; lsd_rzo
UniRef90_UPI0003023C63	Root; lsd_rzo
UniRef90_A0A1Z9TPS8	Root; lsd_rzo
UniRef90_A0A519JF73	Root; lsd_rzo
UniRef90_UPI00189445F8	Root; lsd_rzo
UniRef90_A0A2U1T1D1	Root; lsd_rzo
UniRef90_A0A370ID70	Root; lsd_rzo
UniRef90_A0A557XZC3	Root; lsd_rzo
UniRef90_UPI0018E8DC61	Root; lsd_rzo
UniRef90_UPI00037750C7	Root; lsd_rzo
UniRef90_A0A049DZ58	Root; lsd_rzo
UniRef90_A0A2E9VDP2	Root; lsd_rzo
UniRef90_A0A1Z4IDB6	Root; lsd_rzo
UniRef90_A0A2E1UHH8	Root; lsd_rzo
UniRef90_A0A328B0K6	Root; lsd_rzo
UniRef90_A0A0N8KNA5	Root; lsd_rzo
UniRef90_A0A2D5LBU6	Root; lsd_rzo
UniRef90_UPI0002E02607	Root; lsd_rzo
UniRef90_E6UXP7	Root; lsd_rzo
UniRef90_A0A1X9NCD0	Root; lsd_rzo
UniRef90_A0A7V7PP08	Root; lsd_rzo
UniRef90_A0A7I8A2V7	Root; lsd_rzo
UniRef90_A0A7W6JUT0	Root; lsd_rzo
UniRef90_E2PT07	Root; lsd_rzo
UniRef90_A0A0F7KW19	Root; lsd_rzo
UniRef90_A0A1V2R9H0	Root; lsd_rzo
UniRef90_A0A094G4D8	Root; lsd_rzo
UniRef90_A0A094EJE8	Root; lsd_rzo
UniRef90_A0A251WHA5	Root; lsd_rzo
UniRef90_A0A2S7F1V4	Root; lsd_rzo
UniRef90_A0A2U3NBJ2	Root; lsd_rzo
UniRef90_K9Q1Q1	Root; lsd_rzo
UniRef90_P9WPR4	Root; lsd_rzo
out_sp|P9WPR4.1|	Root; lsd_rzo
UniRef90_A0A6P0ZAE1	Root; lsd_rzo
UniRef90_A0A0S9SF55	Root; lsd_rzo
UniRef90_A0A2W5PHA1	Root; lsd_rzo
UniRef90_A0A135LTF7	Root; lsd_rzo
UniRef90_A0A6I4SV96	Root; lsd_rzo
UniRef90_UPI00160B0C17	Root; lsd_rzo
UniRef90_A0A0F5N495	Root; lsd_rzo
UniRef90_UPI00101CA2B4	Root; lsd_rzo
UniRef90_A0A1M3PWY9	Root; lsd_rzo
UniRef90_A0A534D1K5	Root; lsd_rzo
UniRef90_A0A1A0NEK6	Root; lsd_rzo
UniRef90_A0A7W6G4S5	Root; lsd_rzo
UniRef90_A0A178AWQ2	Root; lsd_rzo
UniRef90_A0A6P0WRV1	Root; lsd_rzo
UniRef90_A0A3A0FPN0	Root; lsd_rzo
UniRef90_A0A1A3T733	Root; lsd_rzo
UniRef90_A0A1W7MCF6	Root; lsd_rzo
UniRef90_A0A1H4T5W5	Root; lsd_rzo
UniRef90_A0A533IZS3	Root; lsd_rzo
UniRef90_A0A6P2BE43	Root; lsd_rzo
UniRef90_A0A5P9NHX0	Root; lsd_rzo
UniRef90_G2IK47	Root; lsd_rzo
UniRef90_A0A1G2W1H9	Root; lsd_rzo
UniRef90_A0A2G5PGZ9	Root; lsd_rzo
UniRef90_A0A366M4Q6	Root; lsd_rzo
UniRef90_A0A2K8WR23	Root; lsd_rzo
NOV1_WP_011444461.1	Root; lsd_rzo
UniRef90_A0A502CG77	Root; lsd_rzo
UniRef90_B7KD95	Root; lsd_rzo
UniRef90_A0A2E8NIN0	Root; lsd_rzo
UniRef90_A0A1X1XA22	Root; lsd_rzo
UniRef90_A0A367QTH6	Root; lsd_rzo
UniRef90_UPI00168580BA	Root; lsd_rzo
UniRef90_A0A5C8VGI1	Root; lsd_rzo
UniRef90_A0A6I5QT29	Root; lsd_rzo
UniRef90_A0A7H1J9L7	Root; lsd_rzo
UniRef90_UPI0010C0C18F	Root; lsd_rzo
UniRef90_B1WT91	Root; lsd_rzo
UniRef90_UPI00068B056C	Root; lsd_rzo
UniRef90_A0A2E1NMM4	Root; lsd_rzo
UniRef90_A0A2E1ZIM1	Root; lsd_rzo
UniRef90_UPI001ABA5FA3	Root; lsd_rzo
UniRef90_A0A1W7MGS1	Root; lsd_rzo
UniRef90_A0A3A1P4P1	Root; lsd_rzo
UniRef90_A0A520TQF9	Root; lsd_rzo
UniRef90_A0A1Y0RFV3	Root; lsd_rzo
UniRef90_A0A6B2DTA6	Root; lsd_rzo
UniRef90_UPI0018814989	Root; lsd_rzo
UniRef90_A0A178D4H2	Root; lsd_rzo
UniRef90_A0A443HWQ8	Root; lsd_rzo
UniRef90_A0A7K1JTR1	Root; lsd_rzo
UniRef90_A0A2S6N630	Root; lsd_rzo
UniRef90_A0A1X1RBS2	Root; lsd_rzo
UniRef90_A0A3M9ZGR6	Root; lsd_rzo
UniRef90_A0A241WHK2	Root; lsd_rzo
UniRef90_A0A4P6FPG9	Root; lsd_rzo
UniRef90_UPI0019800E18	Root; lsd_rzo
UniRef90_UPI000495DD73	Root; lsd_rzo
UniRef90_UPI00194DB4A0	Root; lsd_rzo
UniRef90_E5XLK3	Root; lsd_rzo
UniRef90_A0A1Z4JIC0	Root; lsd_rzo
UniRef90_A0A1M7BUZ7	Root; lsd_rzo
UniRef90_A0A2W6SGJ5	Root; lsd_rzo
UniRef90_UPI00160112F8	Root; lsd_rzo
UniRef90_A0A4P5SDH7	Root; lsd_rzo
UniRef90_A0Z9A9	Root; lsd_rzo
UniRef90_A0A2Z5YUU8	Root; lsd_rzo
UniRef90_A0A1G4ZLM9	Root; lsd_rzo
UniRef90_A0A318TBJ2	Root; lsd_rzo
UniRef90_A0A5P9Q2K8	Root; lsd_rzo
UniRef90_A0A6I5YTL3	Root; lsd_rzo
UniRef90_A0A1I5IH43	Root; lsd_rzo
UniRef90_A0A0P6X0E9	Root; lsd_rzo
UniRef90_A0A1M2ZCM1	Root; lsd_rzo
UniRef90_UPI0016857AD5	Root; lsd_rzo
UniRef90_A0A560HJ52	Root; lsd_rzo
UniRef90_A0A2E0ZV01	Root; lsd_rzo
UniRef90_UPI0018EFC225	Root; lsd_rzo
UniRef90_A0A368CBA0	Root; lsd_rzo
UniRef90_A0A6M0G588	Root; lsd_rzo
UniRef90_A0A4Q8QQE8	Root; lsd_rzo
UniRef90_A0A1C3XPN2	Root; lsd_rzo
UniRef90_A0A2Z5UNR0	Root; lsd_rzo
UniRef90_A0A679INA8	Root; lsd_rzo
UniRef90_A0A1B2AEQ9	Root; lsd_rzo
UniRef90_A0A142ZBR5	Root; lsd_rzo
UniRef90_UPI000345D1C0	Root; lsd_rzo
UniRef90_A0A6A6CI08	Root; lsd_rzo
UniRef90_M3C533	Root; lsd_rzo
UniRef90_A0A2W4R3F2	Root; lsd_rzo
UniRef90_UPI00163AA0B2	Root; lsd_rzo
UniRef90_A0A3E2H1B2	Root; lsd_rzo
UniRef90_UPI0015F70F5A	Root; lsd_rzo
UniRef90_A0A1N6LST8	Root; lsd_rzo
UniRef90_A0A2E8CGT7	Root; lsd_rzo
UniRef90_A0A0M8JHK0	Root; lsd_rzo
UniRef90_A0A1A3JC32	Root; lsd_rzo
UniRef90_UPI001683F737	Root; lsd_rzo
UniRef90_A0A1Z4IHL1	Root; lsd_rzo
UniRef90_A0A0P7ZVK1	Root; lsd_rzo
UniRef90_A0A0J7XM48	Root; lsd_rzo
UniRef90_UPI001368EFC0	Root; lsd_rzo
UniRef90_A0A7V9YPN0	Root; lsd_rzo
UniRef90_A0A2Z5WSH2	Root; lsd_rzo
UniRef90_A0A345YEZ4	Root; lsd_rzo
UniRef90_A0A0L1JF94	Root; lsd_rzo
UniRef90_A0A1I3EB76	Root; lsd_rzo
UniRef90_B1XMD0	Root; lsd_rzo
UniRef90_K9QV46	Root; lsd_rzo
UniRef90_UPI0018C88DED	Root; lsd_rzo
UniRef90_A0A0Q4BXV3	Root; lsd_rzo
UniRef90_A0A2E2WZ11	Root; lsd_rzo
UniRef90_UPI00167336AC	Root; lsd_rzo
UniRef90_A0A525J296	Root; lsd_rzo
UniRef90_A0A1W9YUR1	Root; lsd_rzo
UniRef90_A0A6I4T4G5	Root; lsd_rzo
UniRef90_Q31RU1	Root; lsd_rzo
UniRef90_UPI00174BA3ED	Root; lsd_rzo
UniRef90_A0A7U4J6X5	Root; lsd_rzo
UniRef90_UPI00082B0CC4	Root; lsd_rzo
UniRef90_A0A428WBA0	Root; lsd_rzo
UniRef90_W7J338	Root; lsd_rzo
UniRef90_A0A196MVU7	Root; lsd_rzo
UniRef90_UPI00187FCD37	Root; lsd_rzo
UniRef90_A0A1X1TAA7	Root; lsd_rzo
UniRef90_A0A6I4SZ89	Root; lsd_rzo
UniRef90_B2HSJ1	Root; lsd_rzo
UniRef90_A0A2W5AAJ0	Root; lsd_rzo
UniRef90_A0A5B7RI35	Root; lsd_rzo
UniRef90_A0A257JRK5	Root; lsd_rzo
UniRef90_A0A1A3CAJ0	Root; lsd_rzo
UniRef90_A0A1A0M6V4	Root; lsd_rzo
UniRef90_A0A3C0NJE5	Root; lsd_rzo
UniRef90_UPI001882017E	Root; lsd_rzo
UniRef90_A0A2K8MLF5	Root; lsd_rzo
UniRef90_A0A2W4RHF1	Root; lsd_rzo
UniRef90_A0A6H9SX72	Root; lsd_rzo
UniRef90_A0A1A3N0G6	Root; lsd_rzo
UniRef90_UPI00034B320B	Root; lsd_rzo
UniRef90_A0A1Z4J0E8	Root; lsd_rzo
UniRef90_A0A2D4WLK7	Root; lsd_rzo
UniRef90_A0A7Y4YWI9	Root; lsd_rzo
UniRef90_A0A4R5QJY5	Root; lsd_rzo
UniRef90_A0A2S7K388	Root; lsd_rzo
UniRef90_UPI00082AECF3	Root; lsd_rzo
UniRef90_A0A7I7MTS8	Root; lsd_rzo
UniRef90_UPI00168997AC	Root; lsd_rzo
UniRef90_V5I530	Root; lsd_rzo
UniRef90_A0A1X7CGJ7	Root; lsd_rzo
UniRef90_UPI0016169F5A	Root; lsd_rzo
UniRef90_A0A3D2LFD9	Root; lsd_rzo
UniRef90_L8MZG7	Root; lsd_rzo
UniRef90_UPI001682F136	Root; lsd_rzo
UniRef90_UPI0013907EB4	Root; lsd_rzo
UniRef90_N8WYK5	Root; lsd_rzo
UniRef90_UPI001330C292	Root; lsd_rzo
UniRef90_A0A0P6WL87	Root; lsd_rzo
UniRef90_UPI00136DEE17	Root; lsd_rzo
UniRef90_A0A6H2NGB7	Root; lsd_rzo
UniRef90_A0A1B6ZEQ4	Root; lsd_rzo
UniRef90_A0A1E3RIL6	Root; lsd_rzo
UniRef90_A0A0D6AA82	Root; lsd_rzo
UniRef90_A0A1N6CUF4	Root; lsd_rzo
UniRef90_A0A239FV18	Root; lsd_rzo
UniRef90_A0A1S1LAS2	Root; lsd_rzo
UniRef90_A0A1Z3HUF8	Root; lsd_rzo
UniRef90_A0A1A3TDA6	Root; lsd_rzo
UniRef90_UPI00174D3D57	Root; lsd_rzo
UniRef90_A0A2E1XBZ5	Root; lsd_rzo
UniRef90_N8YP97	Root; lsd_rzo
UniRef90_A0A2E0Z396	Root; lsd_rzo
UniRef90_A0A2J6S4Z4	Root; lsd_rzo
UniRef90_U9WBS4	Root; lsd_rzo
UniRef90_A0A6I4U154	Root; lsd_rzo
UniRef90_A0A7Y0ILH7	Root; lsd_rzo
UniRef90_A0A7G1KL20	Root; lsd_rzo
UniRef90_A0A5C4M270	Root; lsd_rzo
UniRef90_UPI000759E35B	Root; lsd_rzo
UniRef90_A0A2E6MB18	Root; lsd_rzo
UniRef90_N9HIC9	Root; lsd_rzo
UniRef90_A0A433MY21	Root; lsd_rzo
UniRef90_A0A521L5P3	Root; lsd_rzo
UniRef90_UPI0010C012EB	Root; lsd_rzo
UniRef90_A0A3B8Z0C5	Root; lsd_rzo
UniRef90_M1X572	Root; lsd_rzo
UniRef90_UPI00054F23AE	Root; lsd_rzo
UniRef90_A0A385ZGL4	Root; lsd_rzo
UniRef90_UPI001687F2EA	Root; lsd_rzo
UniRef90_A4T963	Root; lsd_rzo
UniRef90_P74334	Root; lsd_rzo
UniRef90_UPI0015E2EF64	Root; lsd_rzo
UniRef90_A0A6G4XNQ2	Root; lsd_rzo
UniRef90_D5VGA0	Root; lsd_rzo
UniRef90_A0A1S1LGQ9	Root; lsd_rzo
UniRef90_A4YXT1	Root; lsd_rzo
UniRef90_A0A4U1HCD3	Root; lsd_rzo
UniRef90_A0A2Z5Z073	Root; lsd_rzo
UniRef90_A0A2P8ADU6	Root; lsd_rzo
UniRef90_A0A7I7LD21	Root; lsd_rzo
UniRef90_N8Z6H4	Root; lsd_rzo
UniRef90_V5FQW3	Root; lsd_rzo
UniRef90_A0A418W6J7	Root; lsd_rzo
UniRef90_A0A2E7DQT8	Root; lsd_rzo
UniRef90_UPI001057B788	Root; lsd_rzo
UniRef90_A0A1Z4ISL7	Root; lsd_rzo
UniRef90_A0A094KRC7	Root; lsd_rzo
UniRef90_A0A0D7F4V1	Root; lsd_rzo
UniRef90_A0A352ARN5	Root; lsd_rzo
UniRef90_UPI001576E142	Root; lsd_rzo
UniRef90_UPI0015CD822B	Root; lsd_rzo
UniRef90_A0A401MUX4	Root; lsd_rzo
UniRef90_A0A2E1JI02	Root; lsd_rzo
UniRef90_A0A1A3NMW4	Root; lsd_rzo
UniRef90_A0A351L7R2	Root; lsd_rzo
UniRef90_A0A098TK64	Root; lsd_rzo
UniRef90_A0A2E7U8S4	Root; lsd_rzo
UniRef90_A3ILX3	Root; lsd_rzo
UniRef90_C3JZJ5	Root; lsd_rzo
UniRef90_J4SJX4	Root; lsd_rzo
UniRef90_A0A2E8AIV4	Root; lsd_rzo
UniRef90_V7KUZ4	Root; lsd_rzo
UniRef90_A0A1A2K9Q8	Root; lsd_rzo
UniRef90_N9FM57	Root; lsd_rzo
UniRef90_A0A1L9V0K3	Root; lsd_rzo
UniRef90_A0A1U7J725	Root; lsd_rzo
UniRef90_A0A2G1XHQ5	Root; lsd_rzo
UniRef90_A0A2V5CQ04	Root; lsd_rzo
UniRef90_A0A7C8HLQ4	Root; lsd_rzo
UniRef90_M1WN53	Root; lsd_rzo
UniRef90_A0A431KP81	Root; lsd_rzo
UniRef90_A0A0N9IC58	Root; lsd_rzo
UniRef90_A0A395H317	Root; lsd_rzo
UniRef90_A0A0N1C351	Root; lsd_rzo
UniRef90_UPI00163A6A6B	Root; lsd_rzo
UniRef90_A0A319BX88	Root; lsd_rzo
UniRef90_UPI0019063BCE	Root; lsd_rzo
UniRef90_A0A4U6X1K8	Root; lsd_rzo
UniRef90_A0A2R7JH58	Root; lsd_rzo
UniRef90_A0A654TTE9	Root; lsd_rzo
UniRef90_UPI00055EB3A5	Root; lsd_rzo
UniRef90_A0A0F2QIW8	Root; lsd_rzo
UniRef90_UPI000367238A	Root; lsd_rzo
UniRef90_A0A3B8Z718	Root; lsd_rzo
UniRef90_F6IKZ4	Root; lsd_rzo
UniRef90_A0A0V7ZJT5	Root; lsd_rzo
UniRef90_A0A3S2XKC1	Root; lsd_rzo
UniRef90_A0A1G5A3U7	Root; lsd_rzo
UniRef90_A0A2I8AA10	Root; lsd_rzo
UniRef90_UPI00187F0623	Root; lsd_rzo
UniRef90_UPI001614257B	Root; lsd_rzo
UniRef90_A0A428PNJ8	Root; lsd_rzo
UniRef90_A0A1X1YDY3	Root; lsd_rzo
UniRef90_UPI0010677D82	Root; lsd_rzo
UniRef90_UPI001377144F	Root; lsd_rzo
UniRef90_A0A3F2V758	Root; lsd_rzo
UniRef90_F5Z3F4	Root; lsd_rzo
UniRef90_UPI000C7E7415	Root; lsd_rzo
UniRef90_A0A5R9J8C6	Root; lsd_rzo
UniRef90_F6A9V1	Root; lsd_rzo
UniRef90_A0A0S3UCN5	Root; lsd_rzo
UniRef90_G6EB82	Root; lsd_rzo
UniRef90_A0A0N1C353	Root; lsd_rzo
UniRef90_O68868	Root; lsd_rzo
UniRef90_UPI0009D27DB2	Root; lsd_rzo
UniRef90_A0A4U7AUP1	Root; lsd_rzo
UniRef90_A0A7W5ZWU3	Root; lsd_rzo
UniRef90_S4YE79	Root; lsd_rzo
UniRef90_A0A0C2PWJ1	Root; lsd_rzo
UniRef90_UPI001AF00462	Root; lsd_rzo
UniRef90_A0A6A5THX8	Root; lsd_rzo
UniRef90_UPI0016159E5E	Root; lsd_rzo
UniRef90_A0A521RFR7	Root; lsd_rzo
UniRef90_UPI000F7D9CE6	Root; lsd_rzo
UniRef90_A0A4P7YNW3	Root; lsd_rzo
UniRef90_A0A2E7CM88	Root; lsd_rzo
UniRef90_UPI0002ACA98F	Root; lsd_rzo
UniRef90_A0A164NCW9	Root; lsd_rzo
UniRef90_B4WSL8	Root; lsd_rzo
UniRef90_A0A124BYL3	Root; lsd_rzo
UniRef90_A0A2E5BRZ1	Root; lsd_rzo
UniRef90_UPI001A9D9834	Root; lsd_rzo
UniRef90_K9Z226	Root; lsd_rzo
UniRef90_A0A1S9RNW2	Root; lsd_rzo
UniRef90_A0A1Q8ZIU2	Root; lsd_rzo
UniRef90_A0A136IK76	Root; lsd_rzo
UniRef90_A0A2M8RDB0	Root; lsd_rzo
UniRef90_A0A1Q2TYH9	Root; lsd_rzo
UniRef90_A0A1I6ANC2	Root; lsd_rzo
UniRef90_UPI001685E0A6	Root; lsd_rzo
UniRef90_A0A2U0Z807	Root; lsd_rzo
UniRef90_A0A258BZC3	Root; lsd_rzo
UniRef90_A0A2E7I9Z1	Root; lsd_rzo
UniRef90_A0A533NYR3	Root; lsd_rzo
UniRef90_A0A1S8CD22	Root; lsd_rzo
UniRef90_A0A7G5IL80	Root; lsd_rzo
UniRef90_W1S5C2	Root; lsd_rzo
UniRef90_UPI0014461A63	Root; lsd_rzo
UniRef90_A0A3A1P3B9	Root; lsd_rzo
UniRef90_A0A1H3HLH1	Root; lsd_rzo
UniRef90_M2MYG1	Root; lsd_rzo
UniRef90_A0A3P3EBI3	Root; lsd_rzo
UniRef90_D8G906	Root; lsd_rzo
UniRef90_A0A2D7YGY7	Root; lsd_rzo
UniRef90_A0A6P1GQF4	Root; lsd_rzo
UniRef90_A0A1A2GHN5	Root; lsd_rzo
UniRef90_A0A7V9YJT6	Root; lsd_rzo
UniRef90_UPI0016870C5C	Root; lsd_rzo
UniRef90_UPI001788EB26	Root; lsd_rzo
UniRef90_A0A424LGB2	Root; lsd_rzo
UniRef90_A0A7G8W2W8	Root; lsd_rzo
UniRef90_A0A1M2YZU9	Root; lsd_rzo
UniRef90_A0A2S8B659	Root; lsd_rzo
UniRef90_UPI000428F37A	Root; lsd_rzo
UniRef90_A0A2R5FI87	Root; lsd_rzo
UniRef90_A0A2T1CU63	Root; lsd_rzo
UniRef90_A0A6A6DAZ7	Root; lsd_rzo
UniRef90_A0A0N0KBW0	Root; lsd_rzo
UniRef90_A0A0Q4UG30	Root; lsd_rzo
UniRef90_A0A0Q9ANR4	Root; lsd_rzo
UniRef90_A0A2A5ET58	Root; lsd_rzo
UniRef90_UPI0005668A14	Root; lsd_rzo
UniRef90_A0A2S2FHT1	Root; lsd_rzo
UniRef90_A0A024JTL9	Root; lsd_rzo
UniRef90_A0A2T5GXW0	Root; lsd_rzo
UniRef90_A0A017T546	Root; lsd_rzo
UniRef90_UPI0012FC7FBC	Root; lsd_rzo
UniRef90_A0A6A6DHN6	Root; lsd_rzo
UniRef90_UPI00190DAD4C	Root; lsd_rzo
UniRef90_UPI000B4ACD43	Root; lsd_rzo
UniRef90_A0A2T1EF35	Root; lsd_rzo
UniRef90_A0A1Z4KC90	Root; lsd_rzo
UniRef90_UPI00036052A7	Root; lsd_rzo
UniRef90_A0A2I5TAF0	Root; lsd_rzo
UniRef90_A0A011A084	Root; lsd_rzo
UniRef90_A0A2W4MIN9	Root; lsd_rzo
UniRef90_A0A2S7K2Z0	Root; lsd_rzo
UniRef90_UPI000EC5BD1E	Root; lsd_rzo
UniRef90_A0A7X1KBD5	Root; lsd_rzo
UniRef90_A0A1C0VNP8	Root; lsd_rzo
UniRef90_A0A166QM09	Root; lsd_rzo
UniRef90_A0A4R4RGI2	Root; lsd_rzo
UniRef90_A0A1Y2QAR1	Root; lsd_rzo
UniRef90_UPI00166B4FD6	Root; lsd_rzo
UniRef90_A0A4U0HCP9	Root; lsd_rzo
UniRef90_UPI001689773F	Root; lsd_rzo
UniRef90_A0A660KNA8	Root; lsd_rzo
UniRef90_A0A7I7QLK6	Root; lsd_rzo
UniRef90_A0A100ZHB7	Root; lsd_rzo
UniRef90_A0A1V6TU60	Root; lsd_rzo
UniRef90_A0A1E4GYH5	Root; lsd_rzo
UniRef90_A0A2D8QX81	Root; lsd_rzo
UniRef90_A0A1Y3D515	Root; lsd_rzo
UniRef90_UPI00163B22E1	Root; lsd_rzo
UniRef90_A0A1H7BDB7	Root; lsd_rzo
UniRef90_A0A6I4G8X7	Root; lsd_rzo
UniRef90_A0A3D4UC19	Root; lsd_rzo
UniRef90_K2R1Y0	Root; lsd_rzo
UniRef90_A0A522SYS5	Root; lsd_rzo
UniRef90_A0A525HL11	Root; lsd_rzo
UniRef90_A0A0Q6VXH7	Root; lsd_rzo
UniRef90_A0A0M5MI23	Root; lsd_rzo
UniRef90_A0A0P6XGB9	Root; lsd_rzo
UniRef90_A0A7G6Y3V7	Root; lsd_rzo
UniRef90_A0A1G8KWJ2	Root; lsd_rzo
UniRef90_UPI000E76DA35	Root; lsd_rzo
UniRef90_UPI0018787A14	Root; lsd_rzo
UniRef90_UPI0003F60334	Root; lsd_rzo
UniRef90_A0A0F0FSL0	Root; lsd_rzo
UniRef90_A0A1C0V789	Root; lsd_rzo
UniRef90_A0A1X1YRJ9	Root; lsd_rzo
UniRef90_A0A2W4W9V9	Root; lsd_rzo
UniRef90_UPI000A388099	Root; lsd_rzo
UniRef90_A0A094KTM9	Root; lsd_rzo
UniRef90_UPI00168520EC	Root; lsd_rzo
UniRef90_UPI001576C906	Root; lsd_rzo
UniRef90_A0A0F5YKU7	Root; lsd_rzo
UniRef90_A0A1Y6F3P4	Root; lsd_rzo
UniRef90_A0A6I5PN74	Root; lsd_rzo
UniRef90_A0A0C4E7K1	Root; lsd_rzo
UniRef90_A0A7X0H272	Root; lsd_rzo
UniRef90_A0A1G0KDL5	Root; lsd_rzo
UniRef90_A0A6I4T482	Root; lsd_rzo
UniRef90_A0A653UCA6	Root; lsd_rzo
UniRef90_A0A0Q6NSS5	Root; lsd_rzo
UniRef90_UPI00174DC7B0	Root; lsd_rzo
UniRef90_A0A0T2Q8E5	Root; lsd_rzo
UniRef90_A0A2N3XVG6	Root; lsd_rzo
UniRef90_Q89I49	Root; lsd_rzo
UniRef90_A0A375YT89	Root; lsd_rzo
UniRef90_A0A1X2LZ50	Root; lsd_rzo
UniRef90_A0A257J4A8	Root; lsd_rzo
UniRef90_A0A2Z3HJW3	Root; lsd_rzo
UniRef90_A0A7T9EPG3	Root; lsd_rzo
UniRef90_A0A2W4PRR8	Root; lsd_rzo
UniRef90_UPI000F7E283C	Root; lsd_rzo
UniRef90_UPI00197FD296	Root; lsd_rzo
UniRef90_A0A4V2JFU4	Root; lsd_rzo
UniRef90_A0A1G0J8U2	Root; lsd_rzo
UniRef90_A0A7Y2EPT9	Root; lsd_rzo
UniRef90_UPI0016208D5D	Root; lsd_rzo
UniRef90_A0A259ZX07	Root; lsd_rzo
UniRef90_A0A0R3K5T8	Root; lsd_rzo
UniRef90_N1MQ11	Root; lsd_rzo
UniRef90_A0A173LG76	Root; lsd_rzo
UniRef90_A0A117UY49	Root; lsd_rzo
UniRef90_UPI00037EBB0B	Root; lsd_rzo
UniRef90_A0A5N5JE73	Root; lsd_rzo
UniRef90_K9TTL3	Root; lsd_rzo
UniRef90_A0A1G6KMP4	Root; lsd_rzo
UniRef90_A0A4R0EK13	Root; lsd_rzo
UniRef90_A0A352JAI2	Root; lsd_rzo
UniRef90_A0A193C5P3	Root; lsd_rzo
UniRef90_I0RPY9	Root; lsd_rzo
UniRef90_A0A1Z2L4E8	Root; lsd_rzo
UniRef90_A0A2E1XBW9	Root; lsd_rzo
UniRef90_Q8YPB4	Root; lsd_rzo
out_WP_010998422.1	Root; lsd_rzo
UniRef90_A0A0R3CPV4	Root; lsd_rzo
UniRef90_A0A1Q4RK18	Root; lsd_rzo
UniRef90_A0A1J5G792	Root; lsd_rzo
UniRef90_Q7NF37	Root; lsd_rzo
UniRef90_A0A1B3N1X6	Root; lsd_rzo
UniRef90_UPI00131AF97D	Root; lsd_rzo
UniRef90_UPI0013917330	Root; lsd_rzo
UniRef90_H0SPE0	Root; lsd_rzo
UniRef90_A0A1Z4SDT9	Root; lsd_rzo
UniRef90_A0A127MDE7	Root; lsd_rzo
UniRef90_B0CDM9	Root; lsd_rzo
UniRef90_A0A1Z4UW41	Root; lsd_rzo
UniRef90_G2IQT9	Root; lsd_rzo
UniRef90_UPI00067BA3C3	Root; lsd_rzo
UniRef90_A0A1M3A988	Root; lsd_rzo
UniRef90_A0A2N5C666	Root; lsd_rzo
UniRef90_A0A5C7XDQ4	Root; lsd_rzo
UniRef90_UPI00135FC3BB	Root; lsd_rzo
UniRef90_A0A7X9ZQ84	Root; lsd_rzo
UniRef90_A0A2N3EFZ7	Root; lsd_rzo
UniRef90_A0A068MR88	Root; lsd_rzo
UniRef90_UPI001378EF0B	Root; lsd_rzo
UniRef90_A0A1H7CXJ6	Root; lsd_rzo
UniRef90_UPI00140D9BFB	Root; lsd_rzo
UniRef90_UPI00167BB3F8	Root; lsd_rzo
UniRef90_A0A1X1Y1J7	Root; lsd_rzo
UniRef90_H3NWU6	Root; lsd_rzo
UniRef90_A0A5B9G1Z3	Root; lsd_rzo
UniRef90_UPI001654CA71	Root; lsd_rzo
UniRef90_A0A3D2JUL7	Root; lsd_rzo
UniRef90_A0A3D9FFB1	Root; lsd_rzo
UniRef90_A0A2T5QAW9	Root; lsd_rzo
UniRef90_A0A5N8AFG8	Root; lsd_rzo
UniRef90_A0A4Q2X752	Root; lsd_rzo
UniRef90_UPI000A40E9AF	Root; lsd_rzo
UniRef90_K9V4M6	Root; lsd_rzo
UniRef90_A0A257JSU0	Root; lsd_rzo
UniRef90_A0A102DCS5	Root; lsd_rzo
UniRef90_UPI0004638DDA	Root; lsd_rzo
UniRef90_D5VGA5	Root; lsd_rzo
UniRef90_UPI00070C8EEE	Root; lsd_rzo
UniRef90_A0A6V8HJ11	Root; lsd_rzo
UniRef90_A0A7W6FRU3	Root; lsd_rzo
UniRef90_UPI00188F4804	Root; lsd_rzo
UniRef90_A0A1M2ZLJ1	Root; lsd_rzo
UniRef90_A0A1Q5RQ98	Root; lsd_rzo
UniRef90_A0A7G5Z3T6	Root; lsd_rzo
UniRef90_A0A1I4ATJ3	Root; lsd_rzo
UniRef90_A0A1U7MXW1	Root; lsd_rzo
UniRef90_UPI001368F1BB	Root; lsd_rzo
UniRef90_A0A0K2M013	Root; lsd_rzo
UniRef90_A0A260BCH8	Root; lsd_rzo
UniRef90_UPI0016831D5C	Root; lsd_rzo
UniRef90_A0A4D6XFS7	Root; lsd_rzo
UniRef90_A0A653EYH2	Root; lsd_rzo
UniRef90_A0A7X1FVU0	Root; lsd_rzo
UniRef90_A0A1B8GHY5	Root; lsd_rzo
UniRef90_A0A5N8ADJ6	Root; lsd_rzo
UniRef90_A0A0Q4J4K4	Root; lsd_rzo
UniRef90_K9SIL5	Root; lsd_rzo
UniRef90_A0A7C3PIK3	Root; lsd_rzo
UniRef90_UPI000566C816	Root; lsd_rzo
UniRef90_A0A1G6R853	Root; lsd_rzo
UniRef90_UPI0018CE838B	Root; lsd_rzo
UniRef90_A0A1H0MV96	Root; lsd_rzo
UniRef90_A0A7Z9MV90	Root; lsd_rzo
UniRef90_A0A7X1F6C3	Root; lsd_rzo
UniRef90_A0A2V0MZU0	Root; lsd_rzo
UniRef90_A0A2W7GJT9	Root; lsd_rzo
UniRef90_A0A7Y8MEX4	Root; lsd_rzo
UniRef90_A0A2E2ZGA0	Root; lsd_rzo
UniRef90_A0A3D9LL76	Root; lsd_rzo
UniRef90_UPI001682E032	Root; lsd_rzo
UniRef90_UPI00140BDC03	Root; lsd_rzo
UniRef90_A0A420ERK6	Root; lsd_rzo
UniRef90_A0A0J6VAV3	Root; lsd_rzo
UniRef90_A0A0M1JRM4	Root; lsd_rzo
UniRef90_A0A1Z8QMY7	Root; lsd_rzo
UniRef90_UPI001880E811	Root; lsd_rzo
UniRef90_A0A102D932	Root; lsd_rzo
UniRef90_UPI0019175C3D	Root; lsd_rzo
UniRef90_UPI00101C30CA	Root; lsd_rzo
UniRef90_D5VK38	Root; lsd_rzo
UniRef90_A0A7C4XPG4	Root; lsd_rzo
UniRef90_A0A1V3WEZ9	Root; lsd_rzo
UniRef90_A0A2W4PR21	Root; lsd_rzo
UniRef90_UPI00166C36F0	Root; lsd_rzo
UniRef90_UPI00189072D5	Root; lsd_rzo
UniRef90_A0A2N3BZQ4	Root; lsd_rzo
UniRef90_A0A2T5GJ46	Root; lsd_rzo
UniRef90_A0A420EPU7	Root; lsd_rzo
NOV2_WP_011446449.1	Root; lsd_rzo
UniRef90_Q2G4H8	Root; lsd_rzo
UniRef90_A0A1V9A6I3	Root; lsd_rzo
UniRef90_UPI001681046A	Root; lsd_rzo
UniRef90_A0A1M5UD58	Root; lsd_rzo
UniRef90_UPI0018668660	Root; lsd_rzo
UniRef90_A0A317RUD8	Root; lsd_rzo
UniRef90_A0A1L9QR60	Root; lsd_rzo
UniRef90_A0A2T1D7C0	Root; lsd_rzo
UniRef90_A0A7W6KXT6	Root; lsd_rzo
UniRef90_A0A2V1B9A0	Root; lsd_rzo
UniRef90_A0A7H0LIJ1	Root; lsd_rzo
UniRef90_A0A1M5UVT8	Root; lsd_rzo
UniRef90_UPI0002FDD707	Root; lsd_rzo
UniRef90_A0A1Q9U1Z6	Root; lsd_rzo
UniRef90_A0A0F7KTV6	Root; lsd_rzo
UniRef90_A0A418Y8U5	Root; lsd_rzo
UniRef90_UPI0004041C20	Root; lsd_rzo
UniRef90_M4ZR42	Root; lsd_rzo
UniRef90_UPI001687F0DF	Root; lsd_rzo
UniRef90_A0A430HCH7	Root; lsd_rzo
UniRef90_A0A5S9QZP7	Root; lsd_rzo
UniRef90_A0A6I7HIM7	Root; lsd_rzo
UniRef90_UPI00131B453A	Root; lsd_rzo
UniRef90_UPI0016847FDF	Root; lsd_rzo
UniRef90_C3VA26	Root; lsd_rzo
UniRef90_A0A1E4N0E7	Root; lsd_rzo
UniRef90_G2INY0	Root; lsd_rzo
UniRef90_A0A0P6WKY6	Root; lsd_rzo
UniRef90_A0A317F8U7	Root; lsd_rzo
UniRef90_UPI001444FC1B	Root; lsd_rzo
UniRef90_B7RT85	Root; lsd_rzo
UniRef90_A0A4V2ZXG3	Root; lsd_rzo
UniRef90_A0A0F4YRG8	Root; lsd_rzo
UniRef90_A0A1A0KL91	Root; lsd_rzo
UniRef90_UPI00178A4F4D	Root; lsd_rzo
UniRef90_UPI0018C199C7	Root; lsd_rzo
UniRef90_A0A525KC10	Root; lsd_rzo
UniRef90_A0A0X8CKM9	Root; lsd_rzo
UniRef90_A0A0N1L1A8	Root; lsd_rzo
UniRef90_UPI000D68E2E2	Root; lsd_rzo
UniRef90_UPI000F8D21F1	Root; lsd_rzo
UniRef90_K9WNF5	Root; lsd_rzo
UniRef90_A0A350ZNF1	Root; lsd_rzo
UniRef90_A0A2D2AUE4	Root; lsd_rzo
UniRef90_A0A501PCB8	Root; lsd_rzo
UniRef90_B7RT86	Root; lsd_rzo
UniRef90_A0A0T2Q8V6	Root; lsd_rzo
UniRef90_UPI001412F543	Root; lsd_rzo
UniRef90_A0A0C1UE97	Root; lsd_rzo
UniRef90_T0LYT8	Root; lsd_rzo
UniRef90_A0A7I7Q8W9	Root; lsd_rzo
UniRef90_A0A0F7TIA2	Root; lsd_rzo
UniRef90_A0A6H1U154	Root; lsd_rzo
UniRef90_UPI00168428A1	Root; lsd_rzo
UniRef90_UPI0015516B37	Root; lsd_rzo
UniRef90_Q3B0A5	Root; lsd_rzo
UniRef90_A0A7C2NVB5	Root; lsd_rzo
UniRef90_A0A1S8XJR4	Root; lsd_rzo
UniRef90_A0A443ZW35	Root; lsd_rzo
UniRef90_A0A370U3T7	Root; lsd_rzo
UniRef90_A0A420EJ05	Root; lsd_rzo
UniRef90_A0A1R0VGN3	Root; lsd_rzo
UniRef90_A0A4Q3GRE4	Root; lsd_rzo
UniRef90_A0A5Q4BAZ0	Root; lsd_rzo
UniRef90_A0A2W7AC34	Root; lsd_rzo
UniRef90_UPI000346CF03	Root; lsd_rzo
UniRef90_UPI00135991DD	Root; lsd_rzo
UniRef90_G7CH13	Root; lsd_rzo
UniRef90_UPI0003744FD3	Root; lsd_rzo
UniRef90_UPI0013719706	Root; lsd_rzo
UniRef90_A0A658L565	Root; lsd_rzo
UniRef90_UPI00168171E1	Root; lsd_rzo
UniRef90_UPI001366398B	Root; lsd_rzo
UniRef90_A0A1H5WF30	Root; lsd_rzo
UniRef90_A0A1S1N7N5	Root; lsd_rzo
UniRef90_A0A0G2ET20	Root; lsd_rzo
UniRef90_A0A1A2MQY5	Root; lsd_rzo
UniRef90_A0A542M2I3	Root; lsd_rzo
UniRef90_UPI001360C77D	Root; lsd_rzo
UniRef90_UPI0015DE92E0	Root; lsd_rzo
UniRef90_A0A6B0YFV7	Root; lsd_rzo
UniRef90_A0A1Q3LI82	Root; lsd_rzo
UniRef90_A0A419HAV5	Root; lsd_rzo
UniRef90_A0A323UB25	Root; lsd_rzo
UniRef90_A0A6I4T083	Root; lsd_rzo
UniRef90_A0A2E0Z4D4	Root; lsd_rzo
UniRef90_A0A7C3ZJ33	Root; lsd_rzo
UniRef90_A0A7Y7XHR1	Root; lsd_rzo
UniRef90_A0A7C7SCE5	Root; lsd_rzo
UniRef90_A0A7W4IRS4	Root; lsd_rzo
UniRef90_A0A1C1CLV5	Root; lsd_rzo
UniRef90_A0A2I3EV28	Root; lsd_rzo
UniRef90_UPI001365E6CC	Root; lsd_rzo
UniRef90_A0A2A2TP75	Root; lsd_rzo
UniRef90_J3GP41	Root; lsd_rzo
UniRef90_UPI0017477673	Root; lsd_rzo
UniRef90_A0A1Q4R3V4	Root; lsd_rzo
UniRef90_A0A139XFX0	Root; lsd_rzo
UniRef90_A0A317RTX6	Root; lsd_rzo
UniRef90_A0A366DCN1	Root; lsd_rzo
UniRef90_A3YTZ8	Root; lsd_rzo
UniRef90_A0A366FVY5	Root; lsd_rzo
UniRef90_A0A4R1VSR2	Root; lsd_rzo
UniRef90_A0A2D7YJ45	Root; lsd_rzo
UniRef90_A0A1M3PJW7	Root; lsd_rzo
UniRef90_A0A7D6Z7R6	Root; lsd_rzo
UniRef90_UPI000993020D	Root; lsd_rzo
UniRef90_A0A2V5B2U3	Root; lsd_rzo
UniRef90_A0A5B1BNG9	Root; lsd_rzo
UniRef90_A0A1U6IY49	Root; lsd_rzo
UniRef90_UPI001620F19C	Root; lsd_rzo
UniRef90_A0A1I2K4M3	Root; lsd_rzo
UniRef90_H0TAN6	Root; lsd_rzo
UniRef90_A0A2A7MT00	Root; lsd_rzo
UniRef90_N9M7I6	Root; lsd_rzo
UniRef90_Q2JVH6	Root; lsd_rzo
UniRef90_UPI00188E2C4F	Root; lsd_rzo
UniRef90_UPI001422BD3B	Root; lsd_rzo
UniRef90_A0A3M2L761	Root; lsd_rzo
UniRef90_A0A2W6BYP0	Root; lsd_rzo
UniRef90_A0A1I5I293	Root; lsd_rzo
UniRef90_A0A534C597	Root; lsd_rzo
UniRef90_A0A5R9LP89	Root; lsd_rzo
UniRef90_A0A4U1L199	Root; lsd_rzo
UniRef90_A0A1H2URS0	Root; lsd_rzo
UniRef90_UPI00187FB1D4	Root; lsd_rzo
UniRef90_A0A2E0ZXW4	Root; lsd_rzo
UniRef90_A0A1Z4RUD0	Root; lsd_rzo
UniRef90_B7JVC9	Root; lsd_rzo
UniRef90_A0A1H6P3C1	Root; lsd_rzo
UniRef90_A0A1A3T1L3	Root; lsd_rzo
UniRef90_A0A0L1KD45	Root; lsd_rzo
UniRef90_D9V988	Root; lsd_rzo
UniRef90_A0A7W0BQC5	Root; lsd_rzo
UniRef90_F4Y0B5	Root; lsd_rzo
UniRef90_UPI0015EC0C31	Root; lsd_rzo
UniRef90_UPI00041BE9D6	Root; lsd_rzo
UniRef90_UPI00191E999A	Root; lsd_rzo
UniRef90_A0A502FAJ2	Root; lsd_rzo
UniRef90_A0A7I7YXZ5	Root; lsd_rzo
UniRef90_A0A1G8F0Z3	Root; lsd_rzo
UniRef90_A0A0M9ESS1	Root; lsd_rzo
UniRef90_A0A1A3JLF6	Root; lsd_rzo
UniRef90_A0A5N8AAS5	Root; lsd_rzo
UniRef90_A0A2W4SVV2	Root; lsd_rzo
UniRef90_A0A419MS47	Root; lsd_rzo
UniRef90_UPI0018838372	Root; lsd_rzo
UniRef90_A0A0W1G9E4	Root; lsd_rzo
UniRef90_R4SPG6	Root; lsd_rzo
UniRef90_A0A5C6UIY7	Root; lsd_rzo
UniRef90_A0A507WCR5	Root; lsd_rzo
UniRef90_A0ZB85	Root; lsd_rzo
UniRef90_A0A095ASX1	Root; lsd_rzo
UniRef90_UPI00167EC886	Root; lsd_rzo
UniRef90_A0A069E3Q4	Root; lsd_rzo
UniRef90_A0A076HGH8	Root; lsd_rzo
UniRef90_A0A388RJE9	Root; lsd_rzo
UniRef90_A0A6M8I054	Root; lsd_rzo
UniRef90_A0A6L5ESU6	Root; lsd_rzo
UniRef90_A0A534BJ57	Root; lsd_rzo
UniRef90_UPI0005A6AF76	Root; lsd_rzo
UniRef90_UPI000D1F2665	Root; lsd_rzo
UniRef90_A0A6P0XYK9	Root; lsd_rzo
UniRef90_UPI00167B9D5B	Root; lsd_rzo
UniRef90_A0A4Q5S0Y3	Root; lsd_rzo
UniRef90_UPI00040A24A7	Root; lsd_rzo
UniRef90_K9YWK5	Root; lsd_rzo
UniRef90_A0A178M0V5	Root; lsd_rzo
UniRef90_A0A2W4P8R9	Root; lsd_rzo
UniRef90_A0A4V4U8D4	Root; lsd_rzo
UniRef90_A0A0N0M2A9	Root; lsd_rzo
UniRef90_A0A1R0KHS0	Root; lsd_rzo
UniRef90_A0A2W4MIT8	Root; lsd_rzo
UniRef90_A0A0A0DNN8	Root; lsd_rzo
UniRef90_W3WGA5	Root; lsd_rzo
UniRef90_A0A2T9JEN2	Root; lsd_rzo
UniRef90_UPI000349D415	Root; lsd_rzo
UniRef90_A0A0M2Q4L6	Root; lsd_rzo
UniRef90_A0A117V1F8	Root; lsd_rzo
UniRef90_A0A4Y9EQS8	Root; lsd_rzo
UniRef90_UPI000833A1BC	Root; lsd_rzo
UniRef90_Q0CMI5	Root; lsd_rzo
UniRef90_A0A355DMB9	Root; lsd_rzo
UniRef90_X8FH97	Root; lsd_rzo
UniRef90_M3ELQ4	Root; lsd_rzo
UniRef90_A0A1X0JXL9	Root; lsd_rzo
UniRef90_A0A1Z4LR46	Root; lsd_rzo
UniRef90_A0A2E6NZ13	Root; lsd_rzo
UniRef90_A0A286HEE8	Root; lsd_rzo
UniRef90_A0A6M0C5S6	Root; lsd_rzo
UniRef90_A0A1H5DQ13	Root; lsd_rzo
UniRef90_A0A6M0F1K4	Root; lsd_rzo
UniRef90_B1M8Z4	Root; lsd_rzo
UniRef90_A0A3C0N9F8	Root; lsd_rzo
UniRef90_A0A349X2P4	Root; lsd_rzo
UniRef90_A0A0T7BX45	Root; lsd_rzo
UniRef90_A0A1Q5TAW0	Root; lsd_rzo
UniRef90_A0A2T1EHF2	Root; lsd_rzo
UniRef90_A0A084G3T9	Root; lsd_rzo
UniRef90_A0A1M5KK29	Root; lsd_rzo
UniRef90_A0A5N7BKS6	Root; lsd_rzo
UniRef90_A0A1J1LG01	Root; lsd_rzo
LSD_AAC60447.2	Root; lsd_rzo
UniRef90_Q53353	Root; lsd_rzo
UniRef90_A0A0G3V476	Root; lsd_rzo
UniRef90_A0A6M0AMT2	Root; lsd_rzo
UniRef90_A0A1Q3MDT3	Root; lsd_rzo
UniRef90_A0A6P2AY85	Root; lsd_rzo
UniRef90_UPI0018C0B9B2	Root; lsd_rzo
UniRef90_A0A554V5B4	Root; lsd_rzo
UniRef90_A0A257GFN6	Root; lsd_rzo
UniRef90_A0A367R2S5	Root; lsd_rzo
UniRef90_A0A2E1EEJ5	Root; lsd_rzo
UniRef90_UPI001377BDFF	Root; lsd_rzo
UniRef90_A0A651DS03	Root; lsd_rzo
UniRef90_UPI000833D6B7	Root; lsd_rzo
UniRef90_A0A7V9YJV1	Root; lsd_rzo
UniRef90_A0A447GA61	Root; lsd_rzo
UniRef90_A0A4Z1EAA2	Root; lsd_rzo
UniRef90_A0A3C0L4H9	Root; lsd_rzo
UniRef90_A0A5C4LC46	Root; lsd_rzo
UniRef90_A0A7U3E7M7	Root; lsd_rzo
UniRef90_A0A1B1UKH3	Root; lsd_rzo
UniRef90_A0A1A3JVQ5	Root; lsd_rzo
UniRef90_A0A1C7YXE1	Root; lsd_rzo
UniRef90_A0A2E1MT27	Root; lsd_rzo
UniRef90_A0A7K0D5R5	Root; lsd_rzo
UniRef90_A0A7W6JXC3	Root; lsd_rzo
UniRef90_A0A7H8QMC2	Root; lsd_rzo
UniRef90_A0A120DCL5	Root; lsd_rzo
UniRef90_UPI0016821293	Root; lsd_rzo
UniRef90_A0A1H0S986	Root; lsd_rzo
UniRef90_A0A0Q4J282	Root; lsd_rzo
UniRef90_A0A6L3ZRF4	Root; lsd_rzo
UniRef90_A0A2T2RYS3	Root; lsd_rzo
UniRef90_UPI00197D3122	Root; lsd_rzo
UniRef90_A0A6M0RRZ2	Root; lsd_rzo
UniRef90_A0A0C4YWU8	Root; lsd_rzo
UniRef90_A0A0M5ILC1	Root; lsd_rzo
UniRef90_A0A318HND2	Root; lsd_rzo
UniRef90_U1HP29	Root; lsd_rzo
UniRef90_A0A0A7PK44	Root; lsd_rzo
UniRef90_A0A178GI89	Root; lsd_rzo
UniRef90_A0A1L9U558	Root; lsd_rzo
UniRef90_A0A0E4GVL2	Root; lsd_rzo
UniRef90_A0A3N4UUA0	Root; lsd_rzo
UniRef90_A0A1A2ZG87	Root; lsd_rzo
UniRef90_UPI00141E43ED	Root; lsd_rzo
UniRef90_A0A0X8WX21	Root; lsd_rzo
UniRef90_A0A6I3ZM87	Root; lsd_rzo
UniRef90_A0A095BPH6	Root; lsd_rzo
UniRef90_A0A2E7M7R5	Root; lsd_rzo
UniRef90_A0A0D1JTH7	Root; lsd_rzo
UniRef90_UPI00168A044E	Root; lsd_rzo
UniRef90_J3NTE2	Root; lsd_rzo
UniRef90_A0A218QLE7	Root; lsd_rzo
UniRef90_Q52008	Root; lsd_rzo
UniRef90_UPI000496273C	Root; lsd_rzo
UniRef90_A0A418Y5L7	Root; lsd_rzo
UniRef90_A0A0D2D1F5	Root; lsd_rzo
UniRef90_A0A5C5SET6	Root; lsd_rzo
UniRef90_A0A165EZR7	Root; lsd_rzo
UniRef90_A0A1Z4K0I3	Root; lsd_rzo
UniRef90_A0A1M3PY52	Root; lsd_rzo
UniRef90_A0A381PAK5	Root; lsd_rzo
UniRef90_A0A4R0Y3E8	Root; lsd_rzo
UniRef90_A0A0D2BTU4	Root; lsd_rzo
UniRef90_A0A2Z5U9U6	Root; lsd_rzo
UniRef90_A0A0P6WT82	Root; lsd_rzo
UniRef90_UPI0015DFAF53	Root; lsd_rzo
UniRef90_K9TZF1	Root; lsd_rzo
UniRef90_A0A0Q6CZT8	Root; lsd_rzo
UniRef90_A0A4R3ESK5	Root; lsd_rzo
UniRef90_A0A1E4J064	Root; lsd_rzo
UniRef90_A0A4Q6FNA4	Root; lsd_rzo
UniRef90_A0A7X1G0D6	Root; lsd_rzo
UniRef90_UPI00101CDE1B	Root; lsd_rzo
UniRef90_A0A1L7X5G2	Root; lsd_rzo
UniRef90_A0A5N8AN82	Root; lsd_rzo
UniRef90_A0A1E4MUD9	Root; lsd_rzo
UniRef90_A0A010R0I7	Root; lsd_rzo
UniRef90_A0A1I2RW65	Root; lsd_rzo
UniRef90_UPI0004CA1730	Root; lsd_rzo
UniRef90_A0A3D2N0B2	Root; lsd_rzo
UniRef90_A0A0W1DPV0	Root; lsd_rzo
UniRef90_Q07RA9	Root; lsd_rzo
UniRef90_J3APN1	Root; lsd_rzo
UniRef90_A0A5B8NM72	Root; lsd_rzo
UniRef90_UPI0002487AC8	Root; lsd_rzo
UniRef90_A0A7V3HVQ5	Root; lsd_rzo
UniRef90_A0A1Q4BTY9	Root; lsd_rzo
UniRef90_A0A7I7PF37	Root; lsd_rzo
UniRef90_A0A375YRE3	Root; lsd_rzo
UniRef90_A0A1G9W1J4	Root; lsd_rzo
UniRef90_A0A3S5JKG1	Root; lsd_rzo
UniRef90_A0A525LCR7	Root; lsd_rzo
UniRef90_R4UI35	Root; lsd_rzo
UniRef90_A0A1A3CRQ0	Root; lsd_rzo
UniRef90_A0A7V8JP22	Root; lsd_rzo
UniRef90_A0A1L9RME4	Root; lsd_rzo
UniRef90_A0A2T2RV86	Root; lsd_rzo
UniRef90_A0A7X0B279	Root; lsd_rzo
UniRef90_UPI000BFEF801	Root; lsd_rzo
UniRef90_A0A0F5MYU4	Root; lsd_rzo
UniRef90_A0A1C1W3Z0	Root; lsd_rzo
UniRef90_K5B9M4	Root; lsd_rzo
UniRef90_UPI0006863FC0	Root; lsd_rzo
UniRef90_Q05QV3	Root; lsd_rzo
UniRef90_UPI0016166E94	Root; lsd_rzo
UniRef90_A0A2C6WI55	Root; lsd_rzo
UniRef90_A0A0Q4GBG5	Root; lsd_rzo
UniRef90_A0A2E8WQ88	Root; lsd_rzo
UniRef90_A0A366M3P2	Root; lsd_rzo
UniRef90_A0A1J5GBR8	Root; lsd_rzo
UniRef90_UPI001365CC24	Root; lsd_rzo
UniRef90_UPI0008F9D793	Root; lsd_rzo
UniRef90_A0A2U3NBN0	Root; lsd_rzo
UniRef90_UPI00084EFA3F	Root; lsd_rzo
UniRef90_UPI00034DE062	Root; lsd_rzo
UniRef90_A0A2D7LZ11	Root; lsd_rzo
UniRef90_A0A6A6G1L3	Root; lsd_rzo
UniRef90_L8LMZ3	Root; lsd_rzo
UniRef90_A0A0E4FUT7	Root; lsd_rzo
UniRef90_A0A0Q7A134	Root; lsd_rzo
UniRef90_A0A419MS28	Root; lsd_rzo
UniRef90_A0A2N3DQU9	Root; lsd_rzo
UniRef90_UPI001878AF25	Root; lsd_rzo
UniRef90_A0A3G8GBS9	Root; lsd_rzo
UniRef90_Q2GA76	Root; lsd_rzo
UniRef90_A0A7Z9E1V9	Root; lsd_rzo
UniRef90_UPI001662DF11	Root; lsd_rzo
UniRef90_A0A5Q2RIJ0	Root; lsd_rzo
UniRef90_G5JDW6	Root; lsd_rzo
UniRef90_A0A2N3CU81	Root; lsd_rzo
UniRef90_A0A1A3PNF1	Root; lsd_rzo
UniRef90_A0A2D8LRT3	Root; lsd_rzo
UniRef90_A0A3S0Y516	Root; lsd_rzo
UniRef90_A0A1A0MZI6	Root; lsd_rzo
UniRef90_X8FJS8	Root; lsd_rzo
UniRef90_UPI0016826A56	Root; lsd_rzo
UniRef90_UPI0018812B4D	Root; lsd_rzo
UniRef90_A0A1B8C999	Root; lsd_rzo
UniRef90_A0A5P8ZVY7	Root; lsd_rzo
UniRef90_UPI0018F4620B	Root; lsd_rzo
UniRef90_A0A2N6CIC4	Root; lsd_rzo
UniRef90_A0A6G4QSV3	Root; lsd_rzo
UniRef90_UPI0010FA6268	Root; lsd_rzo
UniRef90_A0A6B9FFY6	Root; lsd_rzo
UniRef90_A0A3A1P0R3	Root; lsd_rzo
UniRef90_A0A6I8LZL2	Root; lsd_rzo
UniRef90_A0A7C9TTU7	Root; lsd_rzo
UniRef90_A0A0Q7SDR1	Root; lsd_rzo
UniRef90_UPI001786A4C2	Root; lsd_rzo
UniRef90_A0A1G0K876	Root; lsd_rzo
UniRef90_A0A013VKL2	Root; lsd_rzo
UniRef90_A0A3S9PJC5	Root; lsd_rzo
UniRef90_K0UZ10	Root; lsd_rzo
UniRef90_UPI001A951A40	Root; lsd_rzo
UniRef90_UPI0016810B70	Root; lsd_rzo
UniRef90_K9YCG2	Root; lsd_rzo
UniRef90_A0A1Y3CXK7	Root; lsd_rzo
UniRef90_A0A520EYY8	Root; lsd_rzo
UniRef90_A0A432JQ28	Root; lsd_rzo
UniRef90_A0A326QD90	Root; lsd_rzo
UniRef90_A1TDX0	Root; lsd_rzo
UniRef90_A0A3A1PA46	Root; lsd_rzo
UniRef90_A0A2R7JF30	Root; lsd_rzo
UniRef90_A0A2D2Q0W3	Root; lsd_rzo
UniRef90_UPI00051A4A92	Root; lsd_rzo
UniRef90_A0A2U0Z2I6	Root; lsd_rzo
UniRef90_UPI0013575DBD	Root; lsd_rzo
UniRef90_A0A3D2EAI6	Root; lsd_rzo
UniRef90_A0A255Z2V5	Root; lsd_rzo
UniRef90_N9LV58	Root; lsd_rzo
UniRef90_A0A0K2YHU8	Root; lsd_rzo
UniRef90_UPI000EAAA6D7	Root; lsd_rzo
UniRef90_A0A2P5HVF8	Root; lsd_rzo
UniRef90_UPI0018CE22F7	Root; lsd_rzo
UniRef90_G0FYS2	Root; lsd_rzo
UniRef90_A0A5C8TF68	Root; lsd_rzo
UniRef90_A0A0M3AP88	Root; lsd_rzo
UniRef90_A0A426VB27	Root; lsd_rzo
UniRef90_A0A1I5T3X3	Root; lsd_rzo
UniRef90_A0A0R3E1C6	Root; lsd_rzo
UniRef90_E0UIC3	Root; lsd_rzo
UniRef90_A0A176YVX9	Root; lsd_rzo
UniRef90_UPI00041EABFC	Root; lsd_rzo
UniRef90_A0A0C6FS23	Root; lsd_rzo
UniRef90_A0A5Q4E2P4	Root; lsd_rzo
UniRef90_A0A2A4S316	Root; lsd_rzo
UniRef90_UPI00187411D5	Root; lsd_rzo
UniRef90_A0YCX7	Root; lsd_rzo
UniRef90_A0A3D0I0J3	Root; lsd_rzo
UniRef90_A0A0N1L3L8	Root; lsd_rzo
UniRef90_A0A260BRI0	Root; lsd_rzo
UniRef90_A0A0P4UP03	Root; lsd_rzo
UniRef90_A0A370H3D4	Root; lsd_rzo
UniRef90_A0A7W6CEG2	Root; lsd_rzo
UniRef90_A0A1Q5TJW5	Root; lsd_rzo
UniRef90_UPI001390F20A	Root; lsd_rzo
UniRef90_D4TSE2	Root; lsd_rzo
UniRef90_A0A0D2FPV3	Root; lsd_rzo
UniRef90_A0A520FMY1	Root; lsd_rzo
UniRef90_A0A6I4SSW1	Root; lsd_rzo
UniRef90_A0A1M3PJT6	Root; lsd_rzo
UniRef90_A0A6I4USC0	Root; lsd_rzo
UniRef90_K0DYG1	Root; lsd_rzo
UniRef90_UPI000EFA7FA6	Root; lsd_rzo
UniRef90_N9UVY0	Root; lsd_rzo
UniRef90_K9XUY6	Root; lsd_rzo
UniRef90_UPI000AEB0F53	Root; lsd_rzo
UniRef90_A0A1A2JPB3	Root; lsd_rzo
UniRef90_B8HXJ0	Root; lsd_rzo
UniRef90_A0A501PHG0	Root; lsd_rzo
UniRef90_A0A401W3E6	Root; lsd_rzo
UniRef90_A0A0F7KW41	Root; lsd_rzo
UniRef90_A0A0I9YVE6	Root; lsd_rzo
UniRef90_A0A6B1BAV9	Root; lsd_rzo
UniRef90_A0A2H3IR67	Root; lsd_rzo
UniRef90_A0A2N6LJN5	Root; lsd_rzo
UniRef90_V5V8H5	Root; lsd_rzo
UniRef90_A0A252DIU2	Root; lsd_rzo
UniRef90_A0A227JML3	Root; lsd_rzo
UniRef90_UPI0013223A4D	Root; lsd_rzo
UniRef90_A0A3A1P6Z2	Root; lsd_rzo
UniRef90_A0A7W9BVA7	Root; lsd_rzo
UniRef90_A0A094JA20	Root; lsd_rzo
UniRef90_A0A1X1TZS5	Root; lsd_rzo
UniRef90_A0A5C8PAJ4	Root; lsd_rzo
UniRef90_B0JRH6	Root; lsd_rzo
UniRef90_A0A1B7U5K7	Root; lsd_rzo
UniRef90_A0A3N7DV05	Root; lsd_rzo
UniRef90_UPI0005B6398D	Root; lsd_rzo
UniRef90_A0A1E3T1C3	Root; lsd_rzo
UniRef90_A0A2W6DVR3	Root; lsd_rzo
UniRef90_A0A385C0W4	Root; lsd_rzo
UniRef90_K7VWV6	Root; lsd_rzo
UniRef90_A5HV13	Root; lsd_rzo
UniRef90_A0A5N8AD03	Root; lsd_rzo
UniRef90_A0A6G3Z4G0	Root; lsd_rzo
UniRef90_A0A7W0BS03	Root; lsd_rzo
UniRef90_A0A4R8SAN4	Root; lsd_rzo
UniRef90_UPI000690DCAE	Root; lsd_rzo
UniRef90_UPI00140A06F1	Root; lsd_rzo
UniRef90_A0A2E6B5J5	Root; lsd_rzo
UniRef90_UPI00048D1679	Root; lsd_rzo
UniRef90_A0A1A2QQH5	Root; lsd_rzo
UniRef90_G2IKS0	Root; lsd_rzo
UniRef90_A0A1H8NDE4	Root; lsd_rzo
UniRef90_A4XES9	Root; lsd_rzo
UniRef90_Q218T8	Root; lsd_rzo
UniRef90_A0A086GQD2	Root; lsd_rzo
UniRef90_A0A2E5P2Q9	Root; lsd_rzo
UniRef90_A0A2S8S0D3	Root; lsd_rzo
UniRef90_UPI0013681BFF	Root; lsd_rzo
UniRef90_UPI00136F7D3E	Root; lsd_rzo
UniRef90_A0A172UMK7	Root; lsd_rzo
UniRef90_K9VF91	Root; lsd_rzo
UniRef90_UPI0004708BBB	Root; lsd_rzo
UniRef90_UPI001661A146	Root; lsd_rzo
UniRef90_UPI001673F0DD	Root; lsd_rzo
UniRef90_UPI00144844DE	Root; lsd_rzo
UniRef90_A0A1E5QKI8	Root; lsd_rzo
UniRef90_A0A365YYP4	Root; lsd_rzo
UniRef90_A0A523KU82	Root; lsd_rzo
UniRef90_A0A0Q4XFD4	Root; lsd_rzo
UniRef90_UPI001789A342	Root; lsd_rzo
UniRef90_A0A6N7G061	Root; lsd_rzo
UniRef90_A0A561N9V3	Root; lsd_rzo
UniRef90_A0A2E3NDQ7	Root; lsd_rzo
UniRef90_A0A4U7B229	Root; lsd_rzo
UniRef90_A0A257YHR3	Root; lsd_rzo
UniRef90_A0A352XF70	Root; lsd_rzo
UniRef90_A0A7C7JDL3	Root; lsd_rzo
UniRef90_A0A1E4J0N2	Root; lsd_rzo
UniRef90_A0A2Z5YUP5	Root; lsd_rzo
UniRef90_A0A519R0X0	Root; lsd_rzo
UniRef90_A0A2E8N7M2	Root; lsd_rzo
UniRef90_A0A0D8ZLP4	Root; lsd_rzo
UniRef90_A0A328BFS4	Root; lsd_rzo
UniRef90_A0A443I363	Root; lsd_rzo
UniRef90_A0A2M8ZKP3	Root; lsd_rzo
UniRef90_A0A1G4VKL6	Root; lsd_rzo
UniRef90_UPI0015949825	Root; lsd_rzo
UniRef90_A0A6A7YAX3	Root; lsd_rzo
UniRef90_A0A0E3TSU5	Root; lsd_rzo
UniRef90_A0A7Y3JT52	Root; lsd_rzo
UniRef90_UPI000497C4A2	Root; lsd_rzo
UniRef90_D5PC74	Root; lsd_rzo
UniRef90_A0A502EF29	Root; lsd_rzo
UniRef90_A0A3S0BG03	Root; lsd_rzo
UniRef90_UPI000B4BD6B2	Root; lsd_rzo
UniRef90_A0A1M3DC58	Root; lsd_rzo
UniRef90_B4RG44	Root; lsd_rzo
UniRef90_A0A350X8G7	Root; lsd_rzo
UniRef90_A0A381T8U8	Root; lsd_rzo
UniRef90_A0A354VIJ3	Root; lsd_rzo
UniRef90_A0A6N6VF34	Root; lsd_rzo
UniRef90_A0A2E1XKE4	Root; lsd_rzo
UniRef90_A0A261KUP0	Root; lsd_rzo
UniRef90_A0A522BJR2	Root; lsd_rzo
UniRef90_K9S6M5	Root; lsd_rzo
UniRef90_A0A7Y3TKH1	Root; lsd_rzo
UniRef90_Q6NAH7	Root; lsd_rzo
out_WP_011156772.1	Root; lsd_rzo
UniRef90_D8JJL2	Root; lsd_rzo
UniRef90_UPI0003450DD6	Root; lsd_rzo
UniRef90_A0A7I7SF13	Root; lsd_rzo
UniRef90_UPI000F7F014B	Root; lsd_rzo
UniRef90_A0A0Q2LR16	Root; lsd_rzo
UniRef90_B0T6G1	Root; lsd_rzo
UniRef90_A0A0C4YAL7	Root; lsd_rzo
UniRef90_UPI000312280F	Root; lsd_rzo
UniRef90_UPI000B4BF659	Root; lsd_rzo
UniRef90_A0A4V2WLZ3	Root; lsd_rzo
UniRef90_A0A1X1U7H4	Root; lsd_rzo
UniRef90_G5JDB3	Root; lsd_rzo
UniRef90_Q8RQW2	Root; lsd_rzo
UniRef90_A0A5B8LII0	Root; lsd_rzo
UniRef90_A0A7R7XVL4	Root; lsd_rzo
UniRef90_UPI0015BC2C3C	Root; lsd_rzo
UniRef90_A0A1L9R5R3	Root; lsd_rzo
UniRef90_A0A7Y0A0X5	Root; lsd_rzo
UniRef90_A0A418NWI6	Root; lsd_rzo
UniRef90_A0A6A6DPX1	Root; lsd_rzo
UniRef90_A0A401IEH7	Root; lsd_rzo
UniRef90_A0A0U5C183	Root; lsd_rzo
UniRef90_A0A381NVF4	Root; lsd_rzo
UniRef90_A0A6I6HM18	Root; lsd_rzo
UniRef90_A0A4U0HCG1	Root; lsd_rzo
UniRef90_A0A010QP95	Root; lsd_rzo
UniRef90_A0A358B4Z7	Root; lsd_rzo
UniRef90_A0A2D7G1W0	Root; lsd_rzo
UniRef90_A0A6P2AG04	Root; lsd_rzo
UniRef90_A0A543GIB8	Root; lsd_rzo
UniRef90_A0A1D9H4Z7	Root; lsd_rzo
UniRef90_A0A7W6EXC1	Root; lsd_rzo
UniRef90_A0A0D6AU16	Root; lsd_rzo
UniRef90_UPI0015BE3300	Root; lsd_rzo
UniRef90_UPI000AC8F3E1	Root; lsd_rzo
UniRef90_UPI0003B5571C	Root; lsd_rzo
UniRef90_A0A2P7MUX4	Root; lsd_rzo
UniRef90_A0A2T2RAW7	Root; lsd_rzo
UniRef90_A0A348UMB8	Root; lsd_rzo
UniRef90_A0A1Z9TUB2	Root; lsd_rzo
UniRef90_A0A1E4MWB1	Root; lsd_rzo
UniRef90_UPI000BFEE91F	Root; lsd_rzo
UniRef90_UPI001487A9B4	Root; lsd_rzo
UniRef90_A0A1E3S9Z5	Root; lsd_rzo
UniRef90_UPI00136B239D	Root; lsd_rzo
UniRef90_UPI000C7F4FCD	Root; lsd_rzo
UniRef90_K9RAP1	Root; lsd_rzo
UniRef90_A0A1G6IP15	Root; lsd_rzo
UniRef90_UPI000689C131	Root; lsd_rzo
UniRef90_K0DU32	Root; lsd_rzo
UniRef90_A0A2S6CUB4	Root; lsd_rzo
UniRef90_UPI001378CCAE	Root; lsd_rzo
UniRef90_A0A6A6WUW0	Root; lsd_rzo
UniRef90_A0A525JIX3	Root; lsd_rzo
UniRef90_A0A4T3FAA7	Root; lsd_rzo
UniRef90_J3CR63	Root; lsd_rzo
UniRef90_A0A3G8GBS6	Root; lsd_rzo
UniRef90_UPI001409FD90	Root; lsd_rzo
UniRef90_A0A2E0N0B7	Root; lsd_rzo
UniRef90_A0A0Q4ZPG5	Root; lsd_rzo
UniRef90_A0A0P6WM87	Root; lsd_rzo
UniRef90_A0A0W0J8J3	Root; lsd_rzo
UniRef90_A0A0A2K2I9	Root; lsd_rzo
UniRef90_A0A192IFM3	Root; lsd_rzo
UniRef90_G1XW86	Root; lsd_rzo
UniRef90_A0A6I4T4D8	Root; lsd_rzo
UniRef90_A0A1H7CXP8	Root; lsd_rzo
UniRef90_A0A1X1US41	Root; lsd_rzo
UniRef90_A0A1Z4NFG3	Root; lsd_rzo
UniRef90_A0A318C3K2	Root; lsd_rzo
UniRef90_UPI00103BAADF	Root; lsd_rzo
UniRef90_A0A2D2DGM6	Root; lsd_rzo
UniRef90_A0A2W4U5K1	Root; lsd_rzo
UniRef90_UPI00177ECBD9	Root; lsd_rzo
UniRef90_A0A3D5GG83	Root; lsd_rzo
UniRef90_A0A4D7DJ45	Root; lsd_rzo
UniRef90_A0A6P0K6Z2	Root; lsd_rzo
UniRef90_A0A1A3HRZ3	Root; lsd_rzo
UniRef90_A0A2W4MF16	Root; lsd_rzo
UniRef90_A0A501PD50	Root; lsd_rzo
UniRef90_A0A1W0BK60	Root; lsd_rzo
UniRef90_A0A172YPT2	Root; lsd_rzo
UniRef90_A0A1X2F3A3	Root; lsd_rzo
UniRef90_A0A7V3MZ15	Root; lsd_rzo
UniRef90_UPI00195449C0	Root; lsd_rzo
UniRef90_A0A6N1EC46	Root; lsd_rzo
UniRef90_A0A6P0TLB8	Root; lsd_rzo
UniRef90_D5VG78	Root; lsd_rzo
UniRef90_A0A2H3KYV2	Root; lsd_rzo
UniRef90_UPI00163A118E	Root; lsd_rzo
UniRef90_A0A2D4Y4L1	Root; lsd_rzo
UniRef90_A0A484F8S1	Root; lsd_rzo
UniRef90_UPI00083350EE	Root; lsd_rzo
UniRef90_X7YIT0	Root; lsd_rzo
UniRef90_A0A2T1LVD9	Root; lsd_rzo
UniRef90_A0A4R0EC07	Root; lsd_rzo
UniRef90_A0A6I4URL2	Root; lsd_rzo
UniRef90_V7KL31	Root; lsd_rzo
UniRef90_A0A5N8XJA5	Root; lsd_rzo
UniRef90_A0A2L0EMG8	Root; lsd_rzo
UniRef90_A0A069I491	Root; lsd_rzo
UniRef90_A0A1B8D3N3	Root; lsd_rzo
UniRef90_A0A1H4NMA6	Root; lsd_rzo
UniRef90_A0A2W4T4N6	Root; lsd_rzo
UniRef90_UPI0003663821	Root; lsd_rzo
UniRef90_A0A7W9PGQ4	Root; lsd_rzo
UniRef90_A0A098U9C1	Root; lsd_rzo
UniRef90_A0A0N1BUG3	Root; lsd_rzo
UniRef90_UPI00159E1B42	Root; lsd_rzo
UniRef90_UPI0015B48C65	Root; lsd_rzo
UniRef90_A0A0J6W6Z4	Root; lsd_rzo
UniRef90_A0A420Y5X8	Root; lsd_rzo
UniRef90_A0A6I5P866	Root; lsd_rzo
UniRef90_A0A1M3HU40	Root; lsd_rzo
UniRef90_A0A7C7XMG7	Root; lsd_rzo
UniRef90_A0A2N0I232	Root; lsd_rzo
UniRef90_A0A0C3C124	Root; lsd_rzo
UniRef90_A0A382ZTJ6	Root; lsd_rzo
UniRef90_UPI00101C15C6	Root; lsd_rzo
UniRef90_UPI0004036042	Root; lsd_rzo
UniRef90_A0A089QA64	Root; lsd_rzo
UniRef90_UPI0003FB2F71	Root; lsd_rzo
UniRef90_Q1GSG1	Root; lsd_rzo
out_WP_011541991.1	Root; lsd_rzo
UniRef90_A0A1Z4QCH1	Root; lsd_rzo
UniRef90_C7ZHL6	Root; lsd_rzo
UniRef90_A0A2Z4UJE2	Root; lsd_rzo
UniRef90_A0A2U3P4L3	Root; lsd_rzo
UniRef90_A0A3D9T3L7	Root; lsd_rzo
UniRef90_A0A5C8WPY4	Root; lsd_rzo
UniRef90_A0A2N4SHS4	Root; lsd_rzo
UniRef90_A0A538FQU0	Root; lsd_rzo
UniRef90_X8B098	Root; lsd_rzo
UniRef90_A0A3N5FAS7	Root; lsd_rzo
UniRef90_A0A1E4MVI2	Root; lsd_rzo
UniRef90_A0A2D9SRF1	Root; lsd_rzo
UniRef90_UPI00055F41FD	Root; lsd_rzo
UniRef90_A0A501XRI2	Root; lsd_rzo
UniRef90_A0A370G3Z1	Root; lsd_rzo
UniRef90_UPI00040D1114	Root; lsd_rzo
UniRef90_A0A1Y2A6J0	Root; lsd_rzo
UniRef90_UPI00187E2FA6	Root; lsd_rzo
UniRef90_A0A109LY24	Root; lsd_rzo
UniRef90_A0A6I4T1U6	Root; lsd_rzo
UniRef90_Q10ZJ3	Root; lsd_rzo
UniRef90_UPI0003FD8313	Root; lsd_rzo
UniRef90_L8LZS5	Root; lsd_rzo
UniRef90_A0A1Q9A765	Root; lsd_rzo
UniRef90_A0A3N7B2S7	Root; lsd_rzo
UniRef90_A0A1A2GYC1	Root; lsd_rzo
UniRef90_A0A2E5MBB1	Root; lsd_rzo
UniRef90_A0A1I7K177	Root; lsd_rzo
UniRef90_A0A480A8D3	Root; lsd_rzo
UniRef90_A0A371BJU1	Root; lsd_rzo
UniRef90_A0A7D6DZL2	Root; lsd_rzo
UniRef90_A0A2K4Y5Y2	Root; lsd_rzo
UniRef90_A0A1W6LF83	Root; lsd_rzo
UniRef90_A0A0X8R598	Root; lsd_rzo
UniRef90_A0A417XXJ6	Root; lsd_rzo
UniRef90_A0A1Z4S573	Root; lsd_rzo
UniRef90_A0A1A2ZU85	Root; lsd_rzo
UniRef90_A0A2E6LSB6	Root; lsd_rzo
UniRef90_UPI000B59E265	Root; lsd_rzo
UniRef90_A0A0M0SN54	Root; lsd_rzo
UniRef90_Q7S860	Root; lsd_rzo
UniRef90_A0A0I9TDK4	Root; lsd_rzo
UniRef90_A0A7D3VWJ3	Root; lsd_rzo
UniRef90_A0A5N6WQN6	Root; lsd_rzo
UniRef90_A0A6P0PA61	Root; lsd_rzo
UniRef90_UPI0018DE7792	Root; lsd_rzo
UniRef90_A0A1A3PGH8	Root; lsd_rzo
UniRef90_A0A5B8S6Z8	Root; lsd_rzo
UniRef90_A0A0P7ZUT3	Root; lsd_rzo
UniRef90_A0A163Y3U1	Root; lsd_rzo
UniRef90_UPI00106F8C2A	Root; lsd_rzo
UniRef90_A0A1H7EQR6	Root; lsd_rzo
UniRef90_K8GJZ8	Root; lsd_rzo
UniRef90_A0A6A6RZL0	Root; lsd_rzo
UniRef90_A0A1J0ABD6	Root; lsd_rzo
UniRef90_A0A1B8SGG1	Root; lsd_rzo
UniRef90_A0A1X1RST4	Root; lsd_rzo
UniRef90_A0A1L9X6N7	Root; lsd_rzo
UniRef90_A0A7W6BJ49	Root; lsd_rzo
UniRef90_UPI001687D8C1	Root; lsd_rzo
UniRef90_A0A2W4XC11	Root; lsd_rzo
UniRef90_A0A433UF24	Root; lsd_rzo
UniRef90_A0A7V8X027	Root; lsd_rzo
UniRef90_A0A5B8FSX0	Root; lsd_rzo
UniRef90_W8QAY8	Root; lsd_rzo
UniRef90_A0A1I5H7N1	Root; lsd_rzo
UniRef90_A0A1Q3KZY6	Root; lsd_rzo
UniRef90_A0A101RN70	Root; lsd_rzo
UniRef90_A0A7Y9VQU1	Root; lsd_rzo
UniRef90_A0A2S8LXB4	Root; lsd_rzo
UniRef90_A0A7W9ETR1	Root; lsd_rzo
UniRef90_A0A6G9YK22	Root; lsd_rzo
UniRef90_A0A2W7B453	Root; lsd_rzo
UniRef90_A0A1Q3M805	Root; lsd_rzo
UniRef90_M1X2N5	Root; lsd_rzo
UniRef90_UPI0005B43F77	Root; lsd_rzo
UniRef90_A0A1F4GU73	Root; lsd_rzo
UniRef90_A0A0S4P3X5	Root; lsd_rzo
UniRef90_A0A3A8F9G6	Root; lsd_rzo
UniRef90_R4YVI9	Root; lsd_rzo
UniRef90_A0A7X2Z7X5	Root; lsd_rzo
UniRef90_A0A7X9ZMD8	Root; lsd_rzo
UniRef90_UPI0016858454	Root; lsd_rzo
UniRef90_UPI001882F8A2	Root; lsd_rzo
UniRef90_C9ZA25	Root; lsd_rzo
UniRef90_A0A076HBF4	Root; lsd_rzo
UniRef90_A0A6B0ZYC9	Root; lsd_rzo
UniRef90_UPI001904E28E	Root; lsd_rzo
UniRef90_A0A0Q8U453	Root; lsd_rzo
UniRef90_A0A7W6VQY4	Root; lsd_rzo
UniRef90_A0A059G8M2	Root; lsd_rzo
UniRef90_UPI0015F96A35	Root; lsd_rzo
UniRef90_UPI00082EAA37	Root; lsd_rzo
UniRef90_A0A0Q9Q711	Root; lsd_rzo
UniRef90_A0A0F4ZAK2	Root; lsd_rzo
UniRef90_A0A1Z4G705	Root; lsd_rzo
UniRef90_A0A2W7AG87	Root; lsd_rzo
UniRef90_A0A0S6X1Y8	Root; lsd_rzo
UniRef90_A0A6M8B5F8	Root; lsd_rzo
UniRef90_A0A2U3NN91	Root; lsd_rzo
UniRef90_A0A6N7HPF0	Root; lsd_rzo
UniRef90_A0A0F5JTR0	Root; lsd_rzo
UniRef90_A0A4V1ZM98	Root; lsd_rzo
UniRef90_G4N6K6	Root; lsd_rzo
UniRef90_A0A5N5D6N1	Root; lsd_rzo
UniRef90_A0A7I7Q8Y9	Root; lsd_rzo
UniRef90_A0A3C1CHV7	Root; lsd_rzo
UniRef90_A0A0F7KSH7	Root; lsd_rzo
UniRef90_UPI00109DE2B6	Root; lsd_rzo
UniRef90_A0A7K1L4N0	Root; lsd_rzo
UniRef90_A0A7K3PQM9	Root; lsd_rzo
UniRef90_UPI000382F2F5	Root; lsd_rzo
UniRef90_A0A4D7DDI1	Root; lsd_rzo
UniRef90_A0A2E9X3H1	Root; lsd_rzo
UniRef90_UPI001666C852	Root; lsd_rzo
UniRef90_G2IPX7	Root; lsd_rzo
UniRef90_A0A1S4VH19	Root; lsd_rzo
UniRef90_A0A1Q3V5K6	Root; lsd_rzo
UniRef90_A0A4R5EQR7	Root; lsd_rzo
UniRef90_A0A100IIP3	Root; lsd_rzo
UniRef90_A0A2W4ZDH6	Root; lsd_rzo
UniRef90_A0A6I5WR71	Root; lsd_rzo
UniRef90_UPI0008318085	Root; lsd_rzo
UniRef90_A0A0J6BF38	Root; lsd_rzo
UniRef90_A0A381TQ74	Root; lsd_rzo
UniRef90_A0A7V9YMF6	Root; lsd_rzo
UniRef90_A0A1B3MWN1	Root; lsd_rzo
UniRef90_K9XF54	Root; lsd_rzo
UniRef90_X7Y8Q2	Root; lsd_rzo
UniRef90_U5DNA0	Root; lsd_rzo
UniRef90_A0A5C7PH51	Root; lsd_rzo
UniRef90_A0A7Z0B8Y7	Root; lsd_rzo
UniRef90_A0A1Q9LPS7	Root; lsd_rzo
UniRef90_K9ZAJ6	Root; lsd_rzo
UniRef90_UPI00048BA871	Root; lsd_rzo
UniRef90_A0A4T3EYH7	Root; lsd_rzo
UniRef90_A0A0D1W8M9	Root; lsd_rzo
UniRef90_A0A2W4T1Z5	Root; lsd_rzo
UniRef90_A0A0S6WVA2	Root; lsd_rzo
UniRef90_A0A5S9R5Q6	Root; lsd_rzo
UniRef90_I9C1G3	Root; lsd_rzo
UniRef90_UPI00194E1215	Root; lsd_rzo
UniRef90_A0A2T1DEX1	Root; lsd_rzo
UniRef90_UPI000345513A	Root; lsd_rzo
UniRef90_A0A059MUY4	Root; lsd_rzo
UniRef90_A0A259MA50	Root; lsd_rzo
UniRef90_A0A0C2LF19	Root; lsd_rzo
UniRef90_A0A329HDL2	Root; lsd_rzo
UniRef90_A0A7W8WLC2	Root; lsd_rzo
UniRef90_A0A0P9XNI3	Root; lsd_rzo
UniRef90_A0A2E4HT69	Root; lsd_rzo
UniRef90_A0A0P0D555	Root; lsd_rzo
UniRef90_A0A2P8W2S9	Root; lsd_rzo
UniRef90_A0A2Z5YZ36	Root; lsd_rzo
UniRef90_A0A4Z1PZG1	Root; lsd_rzo
UniRef90_A0A6A6GCB8	Root; lsd_rzo
UniRef90_UPI00093544E6	Root; lsd_rzo
UniRef90_A0A0C1Y449	Root; lsd_rzo
UniRef90_B5GMA0	Root; lsd_rzo
UniRef90_A0A1Z4RAN1	Root; lsd_rzo
UniRef90_A0A2P8VSE3	Root; lsd_rzo
UniRef90_A0A6P0M4Y7	Root; lsd_rzo
UniRef90_A0A073CER0	Root; lsd_rzo
UniRef90_UPI000693A005	Root; lsd_rzo
UniRef90_A0A2E0AM68	Root; lsd_rzo
UniRef90_A0A166UF26	Root; lsd_rzo
UniRef90_A0A6I4UTC3	Root; lsd_rzo
UniRef90_A0A6I3I1Y9	Root; lsd_rzo
UniRef90_S3D0R8	Root; lsd_rzo
UniRef90_A0A7W7W337	Root; lsd_rzo
UniRef90_A0A2E3DBY6	Root; lsd_rzo
UniRef90_A0A537ULF4	Root; lsd_rzo
UniRef90_UPI001893BC73	Root; lsd_rzo
UniRef90_UPI0015A3684C	Root; lsd_rzo
UniRef90_A0A081FX36	Root; lsd_rzo
UniRef90_A0A6I4TVY3	Root; lsd_rzo
UniRef90_A0A6N7HXI8	Root; lsd_rzo
UniRef90_A0A0K3BMB3	Root; lsd_rzo
UniRef90_A0A1Q4HPI9	Root; lsd_rzo
UniRef90_A0A0U0W9L5	Root; lsd_rzo
UniRef90_A0A419MUH9	Root; lsd_rzo
UniRef90_A0A194UMN0	Root; lsd_rzo
UniRef90_A0A1A2Z9S6	Root; lsd_rzo
UniRef90_UPI0015545217	Root; lsd_rzo
UniRef90_A0A102D917	Root; lsd_rzo
UniRef90_A0A7K1KFA7	Root; lsd_rzo
UniRef90_UPI0013287F50	Root; lsd_rzo
UniRef90_W9IZK2	Root; lsd_rzo
UniRef90_Q2JPM1	Root; lsd_rzo
UniRef90_A0A2D7G860	Root; lsd_rzo
UniRef90_UPI001AA06B65	Root; lsd_rzo
UniRef90_UPI00168BFDFC	Root; lsd_rzo
UniRef90_UPI0013769321	Root; lsd_rzo
UniRef90_H3NRG8	Root; lsd_rzo
UniRef90_A0A2V5C448	Root; lsd_rzo
UniRef90_A0A6M4AWC0	Root; lsd_rzo
UniRef90_A0A2W4YTE1	Root; lsd_rzo
UniRef90_B2J4W1	Root; lsd_rzo
UniRef90_A0A0S9L7T7	Root; lsd_rzo
UniRef90_A0A2I2FIM2	Root; lsd_rzo
UniRef90_A0A1I2MKK4	Root; lsd_rzo
UniRef90_A0A2W4Q2P8	Root; lsd_rzo
UniRef90_A0A3D5DDB0	Root; lsd_rzo
UniRef90_A0A0G3X8E1	Root; lsd_rzo
UniRef90_K9T6M1	Root; lsd_rzo
UniRef90_A0A081BDB5	Root; lsd_rzo
UniRef90_UPI0011E0050A	Root; lsd_rzo
UniRef90_UPI00131E7666	Root; lsd_rzo
UniRef90_A0A5C8U643	Root; lsd_rzo
UniRef90_A0A395SBT7	Root; lsd_rzo
UniRef90_UPI0019286153	Root; lsd_rzo
UniRef90_A0A1Q9USB8	Root; lsd_rzo
UniRef90_Q1LBH3	Root; lsd_rzo
UniRef90_A7HWI1	Root; lsd_rzo
UniRef90_UPI00082BB344	Root; lsd_rzo
UniRef90_A0A0Q6JXB0	Root; lsd_rzo
UniRef90_A0A7I7L3H0	Root; lsd_rzo
UniRef90_M2QWC0	Root; lsd_rzo
UniRef90_A0A385C8S0	Root; lsd_rzo
UniRef90_A0A1E4MDV9	Root; lsd_rzo
UniRef90_UPI0018EEE8CA	Root; lsd_rzo
UniRef90_A0A2W1JRU8	Root; lsd_rzo
UniRef90_B4VRH6	Root; lsd_rzo
UniRef90_A0A4U1L3G4	Root; lsd_rzo
UniRef90_K9F0W9	Root; lsd_rzo
UniRef90_A0A1G4ZYI5	Root; lsd_rzo
UniRef90_A0A1M3P8R9	Root; lsd_rzo
UniRef90_A0A1I3G332	Root; lsd_rzo
UniRef90_A0A6P0Y3Y5	Root; lsd_rzo
UniRef90_A0A7W0KP32	Root; lsd_rzo
UniRef90_A0A1U8QEL8	Root; lsd_rzo
UniRef90_A0A7V9BZ37	Root; lsd_rzo
UniRef90_H8IRR6	Root; lsd_rzo
UniRef90_A0A1L7XPN0	Root; lsd_rzo
UniRef90_A0A3N1CWJ6	Root; lsd_rzo
UniRef90_A0A0K3BA76	Root; lsd_rzo
UniRef90_A0A3C0YIM4	Root; lsd_rzo
UniRef90_A0A6I4PUI9	Root; lsd_rzo
UniRef90_A0A6P8BFD5	Root; lsd_rzo
UniRef90_A0A2N6JXD7	Root; lsd_rzo
UniRef90_A0A127MD85	Root; lsd_rzo
UniRef90_A0A559LUV0	Root; lsd_rzo
UniRef90_A0A7C8DJH7	Root; lsd_rzo
UniRef90_UPI001895A968	Root; lsd_rzo
UniRef90_UPI001573CF1C	Root; lsd_rzo
UniRef90_K9RR47	Root; lsd_rzo
UniRef90_A0A1X2BN85	Root; lsd_rzo
UniRef90_UPI00140B756D	Root; lsd_rzo
UniRef90_A0A7W6BEW5	Root; lsd_rzo
UniRef90_A0A6L3SSL4	Root; lsd_rzo
UniRef90_A0A7I9XQJ3	Root; lsd_rzo
UniRef90_A0A3C1RTF3	Root; lsd_rzo
UniRef90_A0A1A1Y6E1	Root; lsd_rzo
UniRef90_A0A2D9PAK7	Root; lsd_rzo
UniRef90_A0A353G3X4	Root; lsd_rzo
UniRef90_A0A7W7JZG7	Root; lsd_rzo
UniRef90_UPI0015763923	Root; lsd_rzo
UniRef90_UPI0005BE9B9A	Root; lsd_rzo
UniRef90_A0A2T2NQU4	Root; lsd_rzo
UniRef90_UPI00167C626B	Root; lsd_rzo
UniRef90_A0A4Q6GBR4	Root; lsd_rzo
UniRef90_A0A0Q4C6F0	Root; lsd_rzo
UniRef90_A0A1A2XDM3	Root; lsd_rzo
UniRef90_A0A117V3V3	Root; lsd_rzo
UniRef90_UPI001128069F	Root; lsd_rzo
UniRef90_A0A4R3SSV1	Root; lsd_rzo
UniRef90_A0A258C1V6	Root; lsd_rzo
UniRef90_A0A1X9RT43	Root; lsd_rzo
UniRef90_C7ZKD6	Root; lsd_rzo
UniRef90_A0A2E0KFC7	Root; lsd_rzo
UniRef90_A0A6P0MJC2	Root; lsd_rzo
UniRef90_A0A0U3PPQ0	Root; lsd_rzo
UniRef90_K9UHC2	Root; lsd_rzo
UniRef90_K9QH61	Root; lsd_rzo
UniRef90_A0A2W5MUQ4	Root; lsd_rzo
UniRef90_UPI000B49ACF0	Root; lsd_rzo
UniRef90_A0A246K3A4	Root; lsd_rzo
UniRef90_A0A429CBY9	Root; lsd_rzo
UniRef90_A0A4Q5T506	Root; lsd_rzo
UniRef90_A0A1X0HC41	Root; lsd_rzo
UniRef90_A0A370CQX4	Root; lsd_rzo
UniRef90_A0A1L9P4P7	Root; lsd_rzo
UniRef90_A0A2W4UK71	Root; lsd_rzo
UniRef90_A0A319DZ17	Root; lsd_rzo
UniRef90_A0A7I7JV60	Root; lsd_rzo
UniRef90_A0A1Z4H643	Root; lsd_rzo
UniRef90_A0A165RBG0	Root; lsd_rzo
UniRef90_A0A4Q5QHW3	Root; lsd_rzo
UniRef90_A0A0F5K111	Root; lsd_rzo
UniRef90_A0A059FT64	Root; lsd_rzo
UniRef90_UPI00159F84F5	Root; lsd_rzo
UniRef90_A0A7C7SBZ0	Root; lsd_rzo
UniRef90_UPI00165444EF	Root; lsd_rzo
UniRef90_A0A1Z4EDK1	Root; lsd_rzo
UniRef90_A0A6A5X7J7	Root; lsd_rzo
UniRef90_UPI0010F7B8DB	Root; lsd_rzo
UniRef90_A0A1Y3CMF8	Root; lsd_rzo
UniRef90_A0A117RGD1	Root; lsd_rzo
UniRef90_A0A329LMD7	Root; lsd_rzo
UniRef90_K9VYE6	Root; lsd_rzo
UniRef90_A0A7D4BNZ8	Root; lsd_rzo
UniRef90_UPI000B97DE3E	Root; lsd_rzo
UniRef90_A0A1X2DCF7	Root; lsd_rzo
UniRef90_A0A7I7XBI6	Root; lsd_rzo
UniRef90_A0YK30	Root; lsd_rzo
UniRef90_A5EMP6	Root; lsd_rzo
UniRef90_A0A2S7K0S5	Root; lsd_rzo
UniRef90_A0A0N1AGI0	Root; lsd_rzo
ResO_AVI04967.1	Root; lsd_rzo
UniRef90_A0A2P9JZK9	Root; lsd_rzo
UniRef90_A0A1F4G868	Root; lsd_rzo
UniRef90_A0A0F2R9R3	Root; lsd_rzo
UniRef90_A0A0V2F9J7	Root; lsd_rzo
UniRef90_A0A0Q6WS45	Root; lsd_rzo
UniRef90_A0A519ZLA7	Root; lsd_rzo
UniRef90_A0A066XEY5	Root; lsd_rzo
UniRef90_A0A3M1KT10	Root; lsd_rzo
UniRef90_UPI0019BEC4DC	Root; lsd_rzo
UniRef90_A0A1G8LM39	Root; lsd_rzo
UniRef90_A0A7K0ZBS2	Root; lsd_rzo
UniRef90_K9PRF3	Root; lsd_rzo
UniRef90_A0A328AAR9	Root; lsd_rzo
UniRef90_F6IE05	Root; lsd_rzo
UniRef90_A0A135U616	Root; lsd_rzo
UniRef90_A0A2E6UP61	Root; lsd_rzo
UniRef90_A0A094B272	Root; lsd_rzo
UniRef90_A0A257YI06	Root; lsd_rzo
UniRef90_UPI00144898E9	Root; lsd_rzo
UniRef90_UPI00047EB0EA	Root; lsd_rzo
UniRef90_A0A2J6QT97	Root; lsd_rzo
UniRef90_A0A4R7DIR0	Root; lsd_rzo
UniRef90_A0A170PP74	Root; lsd_rzo
UniRef90_A0A1P8WSZ8	Root; lsd_rzo
UniRef90_A0A1B8E110	Root; lsd_rzo
UniRef90_A0A4Q7YLB2	Root; lsd_rzo
UniRef90_A0A6P0JXP4	Root; lsd_rzo
UniRef90_UPI001456237F	Root; lsd_rzo
UniRef90_UPI0002E0A0DE	Root; lsd_rzo
UniRef90_A0A2V1DJQ1	Root; lsd_rzo
UniRef90_UPI00166CD21D	Root; lsd_rzo
UniRef90_A0A3S4RS88	Root; lsd_rzo
UniRef90_A0A2E9CQL7	Root; lsd_rzo
UniRef90_A0A1X9NLJ8	Root; lsd_rzo
UniRef90_A0A524RKF2	Root; lsd_rzo
UniRef90_UPI00142399C9	Root; lsd_rzo
UniRef90_X8DHW7	Root; lsd_rzo
UniRef90_A0A1S2WP49	Root; lsd_rzo
UniRef90_A0A194W0T8	Root; lsd_rzo
UniRef90_A0A6G6XB63	Root; lsd_rzo
UniRef90_R1GS36	Root; lsd_rzo
UniRef90_A0A3D1PCT7	Root; lsd_rzo
UniRef90_A0A6N6MPZ1	Root; lsd_rzo
UniRef90_UPI00159529C8	Root; lsd_rzo
UniRef90_A0A5N5X6L0	Root; lsd_rzo
UniRef90_A0A2E7P471	Root; lsd_rzo
UniRef90_A0A0D6KBS7	Root; lsd_rzo
UniRef90_A0A6H2DQ55	Root; lsd_rzo
UniRef90_UPI00083535E9	Root; lsd_rzo
UniRef90_A0A2G4F0P5	Root; lsd_rzo
UniRef90_A0A117V437	Root; lsd_rzo
UniRef90_A0A162H576	Root; lsd_rzo
UniRef90_UPI00160C224C	Root; lsd_rzo
UniRef90_A0A1V3WHA8	Root; lsd_rzo
UniRef90_A0A1A2DPV1	Root; lsd_rzo
UniRef90_A0A3B9F7Z3	Root; lsd_rzo
UniRef90_A0A2R7YYJ0	Root; lsd_rzo
UniRef90_A0A6P0KF06	Root; lsd_rzo
UniRef90_A0A4V1U3R2	Root; lsd_rzo
UniRef90_UPI00136824B1	Root; lsd_rzo
UniRef90_A0A5N0GE04	Root; lsd_rzo
UniRef90_X7YJ59	Root; lsd_rzo
UniRef90_UPI000A5596BD	Root; lsd_rzo
UniRef90_B7RVH6	Root; lsd_rzo
UniRef90_A0A1M7R0Z1	Root; lsd_rzo
UniRef90_A0A6P2BUF4	Root; lsd_rzo
UniRef90_A0A494WG47	Root; lsd_rzo
UniRef90_D4ZPK8	Root; lsd_rzo
UniRef90_A0A2E6YQV6	Root; lsd_rzo
UniRef90_UPI0004BE4C9D	Root; lsd_rzo
UniRef90_A0A368CJM9	Root; lsd_rzo
UniRef90_UPI000382B895	Root; lsd_rzo
UniRef90_UPI0018F6B4A9	Root; lsd_rzo
UniRef90_A0A127MC04	Root; lsd_rzo
UniRef90_A0A0K1Q1S0	Root; lsd_rzo
UniRef90_A0A534QDK3	Root; lsd_rzo
UniRef90_A0A2S6N4Y4	Root; lsd_rzo
UniRef90_A0A512AKJ3	Root; lsd_rzo
UniRef90_A0A1U7IGW7	Root; lsd_rzo
UniRef90_A0A0C2QEP2	Root; lsd_rzo
UniRef90_UPI001A8FFBB4	Root; lsd_rzo
UniRef90_A0A438B1T7	Root; lsd_rzo
UniRef90_A0A6N7IAQ2	Root; lsd_rzo
UniRef90_A0A6P0TKK4	Root; lsd_rzo
UniRef90_A0A257G9D8	Root; lsd_rzo
UniRef90_A0A558AG66	Root; lsd_rzo
UniRef90_A0A424LCW1	Root; lsd_rzo
UniRef90_UPI00191E487E	Root; lsd_rzo
UniRef90_A0A220W7E6	Root; lsd_rzo
UniRef90_A0A4D7DAX4	Root; lsd_rzo
UniRef90_UPI0012E744C0	Root; lsd_rzo
UniRef90_U5QDQ8	Root; lsd_rzo
UniRef90_UPI00068E02FF	Root; lsd_rzo
UniRef90_UPI0005541E39	Root; lsd_rzo
UniRef90_A0A316EP27	Root; lsd_rzo
UniRef90_A0A1M2ZM24	Root; lsd_rzo
UniRef90_UPI000B034F5E	Root; lsd_rzo
UniRef90_A0A2M7LBT5	Root; lsd_rzo
UniRef90_UPI000832B9D3	Root; lsd_rzo
UniRef90_A0A7W4PS58	Root; lsd_rzo
UniRef90_A0A437NAY2	Root; lsd_rzo
UniRef90_A0A2W4R3M8	Root; lsd_rzo
UniRef90_A0A515L717	Root; lsd_rzo
UniRef90_A0A059E664	Root; lsd_rzo
UniRef90_UPI001A905EC9	Root; lsd_rzo
UniRef90_A0A3S4TPA2	Root; lsd_rzo
UniRef90_UPI000E765AD3	Root; lsd_rzo
UniRef90_K9SWT9	Root; lsd_rzo
UniRef90_A0A523IPX9	Root; lsd_rzo
UniRef90_A0A4R8J328	Root; lsd_rzo
UniRef90_A0A4R7DPB1	Root; lsd_rzo
UniRef90_A0A2T1BXC4	Root; lsd_rzo
